"gender","age","nationality_be","migration_bg","mother_tongue","education","left_right","subj_status","family_military","family_victim","id_eu","id_be","fusion_be","fusion_eu","conflict_text","conflict_year","fut_threat_be","fut_threat_self","fut_threat_eu","prob_be_statusquo","prob_be_assertive","prob_be_indulgent","prob_eu_statusquo","prob_eu_indulgent","prob_eu_assertive","hyp_civil_protection","hyp_war_effort","hyp_fight","hyp_army_noncombat","hyp_army_combat","trust_gov_be","trust_gov_eu","trust_belgians","trust_europeans","ru_sec_eu","ru_val_be","ru_sec_be","ru_val_eu","apws_1","apws_2","apws_3","apws_4","apws_5","apws_6","apws_7","apws_8","apws_9","apws_10","sacr_eu","sacr_be","info_intl","info_ukraine","narr_1","narr_2","narr_3","narr_4","narr_5","narr_6","narr_7","narr_8","narr_9","narr_10","narr_11","narr_12","attn_check","app_be_avoid","app_eu_intransig","app_eu_avoid","app_be_intransig","wtf_be","wtf_russia","wtf_eu","now_fund_ukraine","now_social_cuts","now_legion","now_reserve","now_humanitarian","now_refugees","war_army_combat","war_civil_protection","war_leave_family","war_army_noncombat","war_resistance","war_skills","feedback_text"
2,43,1,2,1,5,3,6,1,3,3,5,4,3,"Guerre avec la Russie",2036,6,5,3,2,4,3,2,6,4,4,4,2,2,1,2,4,4,5,6,5,6,5,7,1,2,1,7,2,6,6,6,7,1,3,5,4,1,1,3,1,3,1,2,2,2,1,1,2,3,4,3,5,1,2,2,1,3,4,1,2,1,1,1,3,3,1,1,4,""
2,52,1,2,1,5,3,6,2,2,5,4,3,1,"Iran",2030,6,6,5,4,7,6,6,5,7,5,4,3,2,3,3,2,7,5,7,6,5,7,7,3,2,2,5,1,7,5,4,7,1,4,4,4,1,1,1,1,3,1,2,1,2,4,1,2,3,4,2,3,2,2,3,4,5,2,1,3,3,7,1,3,2,1,4,4,""
2,33,1,1,1,5,8,4,1,1,4,3,2,1,"aucune idée",2045,4,6,4,4,5,5,3,5,4,7,4,3,3,3,2,3,4,4,6,4,4,4,5,5,4,2,2,3,5,4,4,5,1,2,6,5,4,5,3,3,5,1,4,4,3,6,5,6,3,4,4,5,2,3,2,3,1,1,1,1,1,1,1,5,3,3,3,4,""
1,61,1,2,1,5,6,6,2,2,5,7,4,4,"?",2028,6,7,6,6,7,3,7,5,7,7,7,5,7,5,7,6,6,5,7,6,5,7,5,3,5,2,1,3,5,4,6,3,4,5,4,5,2,1,2,2,3,2,4,2,3,2,1,3,3,3,5,2,5,7,6,6,7,4,2,4,5,3,6,6,5,6,6,6,""
2,21,1,1,1,5,NA,2,2,2,3,4,2,1,"je ne sais pas",2031,2,4,1,2,7,1,3,2,4,6,5,4,1,1,1,3,2,3,3,2,3,2,4,7,7,3,2,4,1,3,4,5,1,3,2,3,5,5,4,2,4,1,6,2,4,6,3,4,3,2,6,2,4,2,2,1,1,5,1,2,1,3,1,4,3,2,1,4,""
2,21,1,1,1,5,8,3,2,2,3,6,1,2,"Guerre avec la Russie",2040,2,3,2,3,6,1,3,3,3,4,4,2,3,2,2,1,2,4,3,2,2,3,5,4,4,4,3,1,6,4,3,6,1,1,4,4,2,2,3,4,3,3,3,3,1,4,1,4,3,4,3,5,3,2,1,1,2,4,1,1,2,3,1,6,3,2,2,4,""
1,45,1,2,1,4,4,5,2,2,6,6,1,3,"russie",2028,2,5,5,5,4,3,5,4,4,4,3,2,3,2,3,3,5,3,4,4,3,4,7,5,5,4,1,2,5,5,4,7,1,1,4,2,4,2,6,3,4,3,6,3,7,5,2,4,3,5,4,4,3,2,1,1,2,5,1,1,1,2,1,3,1,1,2,4,""
2,24,1,2,3,5,7,3,2,2,6,7,4,1,"Troisième guerre mondiale",2029,4,3,4,4,4,2,6,3,4,6,7,7,5,2,5,4,6,7,6,5,6,4,7,3,7,4,4,2,5,5,6,7,3,4,2,5,1,1,4,1,4,2,4,3,3,4,1,4,3,5,3,5,3,5,3,4,3,3,2,3,2,3,3,7,2,6,4,6,""
2,21,1,1,1,5,5,1,2,2,4,4,2,1,"russie",2041,2,2,2,3,3,1,3,2,4,7,4,1,2,1,4,1,3,4,4,3,2,1,6,5,6,4,1,3,3,4,3,6,2,1,4,6,3,3,5,1,4,2,4,2,3,3,5,4,3,4,6,3,5,3,2,2,2,2,1,1,1,1,2,5,4,2,1,3,""
1,43,1,2,1,4,4,4,2,2,5,3,2,1,"Russie",2036,5,1,3,2,4,4,6,3,4,3,4,1,2,1,1,3,3,4,5,3,2,3,5,3,4,1,5,4,4,6,6,5,1,3,5,4,2,3,4,1,3,1,2,1,3,4,1,3,3,4,2,4,3,1,1,1,3,2,1,1,1,2,1,5,2,1,1,3,""
2,21,1,2,1,4,7,4,2,2,4,3,2,1,"Troisième guerre mondiale",2035,4,3,5,5,5,4,4,5,6,5,3,2,2,1,2,2,4,3,6,4,4,6,6,1,1,1,5,1,6,6,7,6,1,1,2,5,2,1,3,2,4,2,1,2,4,5,2,2,3,3,2,5,1,2,2,1,2,1,1,1,4,2,3,4,2,3,2,3,""
1,20,1,2,1,4,5,4,2,3,6,2,4,1,"Russie",2029,7,7,7,4,4,5,5,6,7,6,5,3,4,2,5,4,6,5,7,6,7,6,7,2,1,1,4,2,6,7,5,7,1,1,3,3,1,1,2,1,2,1,1,2,1,1,1,2,3,7,2,6,1,5,4,2,5,4,2,1,3,4,2,4,4,3,3,4,"Je n'avais jamais vraiment pensé à tout ça."
1,38,1,2,3,5,3,2,2,3,4,4,1,2,"La Russie",2037,4,6,5,5,4,3,4,4,5,6,7,4,6,3,2,4,3,5,5,6,4,6,2,6,5,3,6,5,3,3,5,5,3,2,3,3,1,1,3,1,3,1,1,2,4,2,2,1,3,2,4,1,5,5,4,3,5,1,1,2,3,2,4,5,4,4,4,3,""
2,22,1,2,1,5,5,5,2,3,7,6,4,2,"Moyen-Orient",2035,7,7,7,5,6,4,5,7,5,7,5,3,4,2,4,4,5,6,7,6,7,7,7,2,3,1,4,2,7,7,5,7,2,3,7,5,1,1,2,1,3,1,1,1,1,2,1,3,3,7,3,6,4,7,5,5,6,3,2,2,4,3,2,4,6,3,2,5,""
1,29,0,1,1,4,8,6,2,2,6,7,4,3,"Guerre avec la Russie",2035,5,6,5,3,5,5,6,4,3,3,4,5,3,3,5,7,7,7,5,4,7,6,5,3,4,2,4,3,4,4,7,4,5,4,4,4,2,3,3,2,4,1,3,2,3,3,1,2,3,4,5,3,4,4,4,4,6,5,2,4,1,4,3,4,4,2,4,5,"Un peu long."
1,20,1,2,1,4,7,5,2,2,5,4,2,3,"guerre civile",2036,5,6,4,3,5,4,4,5,3,6,4,4,1,2,3,3,3,4,5,6,6,6,4,4,2,3,2,2,5,7,3,4,2,3,5,5,3,1,2,2,3,3,3,1,1,3,1,3,3,5,4,4,2,4,4,3,3,4,1,1,4,3,4,4,4,4,4,6,""
1,84,1,1,4,4,2,6,1,2,3,5,4,3,"Troisième guerre mondiale",2026,5,5,6,4,6,4,6,4,6,3,4,1,2,1,5,4,6,5,6,5,6,6,4,1,2,2,6,3,5,6,7,7,1,2,7,4,2,2,1,1,4,2,3,2,2,3,2,3,3,5,3,5,3,3,3,2,4,3,1,1,2,4,2,4,4,5,3,3,""
2,23,1,2,1,4,5,6,2,2,1,2,1,1,"La Russie",2038,4,6,3,3,3,5,4,3,2,5,2,1,1,1,1,1,2,5,5,4,7,4,7,2,4,1,6,2,7,4,6,7,1,1,6,5,2,5,2,3,6,2,3,3,2,5,1,3,3,5,2,4,2,1,1,1,3,1,1,1,2,2,1,6,2,2,1,3,"Merci, ça fait réfléchir."
2,50,1,1,1,5,7,5,2,2,6,7,5,2,"Russie",2037,6,7,5,7,5,3,4,2,6,6,6,3,3,2,7,5,7,6,6,5,7,5,5,4,6,4,3,3,3,3,5,6,3,6,4,4,1,1,4,1,1,1,1,1,1,1,1,1,3,2,5,3,4,5,5,4,6,3,1,2,2,3,4,5,6,6,5,5,""
2,20,1,2,1,5,2,6,2,2,6,7,5,4,"Israël / Iran",2032,4,7,7,5,7,5,5,4,3,4,6,2,5,2,3,5,3,5,5,5,7,6,7,4,4,1,5,1,6,6,4,6,1,2,4,3,2,1,2,1,2,1,4,3,1,1,1,1,3,5,3,6,2,2,3,2,3,2,2,2,3,3,2,4,1,1,3,4,""
2,40,1,2,1,5,8,4,2,2,5,5,5,4,"Les USA (Trump, Groenland)",2041,3,3,3,4,4,5,4,4,7,6,4,6,5,2,3,1,3,3,6,4,6,4,6,4,4,3,2,3,6,4,4,6,2,4,3,4,3,2,3,3,4,3,4,3,4,3,2,3,3,3,3,4,4,3,4,4,3,5,1,3,1,1,4,6,1,4,3,4,""
2,24,1,2,1,5,4,2,2,2,6,6,2,2,"aucune idée",2031,6,5,3,5,5,6,5,1,4,5,2,2,2,3,2,2,1,3,6,5,5,5,5,2,2,1,5,4,6,6,4,6,2,2,4,7,2,3,2,1,4,2,2,1,1,3,3,2,6,5,2,5,3,3,3,2,4,2,1,2,3,2,1,5,2,2,2,4,""
1,18,1,2,1,4,6,4,2,2,4,5,2,5,"Guerre avec la Russie",2037,3,3,2,1,2,2,1,4,3,3,3,2,1,1,3,3,3,5,3,2,3,3,7,2,3,3,3,4,4,3,4,6,1,2,5,2,5,4,5,3,7,2,4,4,5,5,4,4,3,5,4,2,4,1,1,2,1,4,1,1,1,1,1,4,1,1,1,4,""
1,18,1,1,1,4,5,4,2,2,3,4,3,1,"Russie",2034,5,4,3,3,1,2,4,2,3,5,5,2,3,1,4,4,2,5,4,3,4,3,5,2,5,3,3,4,4,4,7,5,2,1,5,5,3,2,5,3,4,3,3,3,5,3,2,4,3,3,4,1,3,3,3,3,3,2,1,1,3,1,2,7,2,4,2,4,""
1,37,0,2,1,4,8,8,2,3,4,5,4,5,"Chine",2041,4,1,5,1,2,2,4,2,3,4,2,3,1,3,2,4,6,5,6,4,6,3,7,2,6,2,3,3,4,5,3,7,2,2,4,5,2,1,3,1,3,2,3,1,3,1,1,2,3,2,3,3,5,3,2,4,4,2,1,2,1,2,2,6,3,1,2,4,""
1,18,1,2,1,3,2,3,2,2,6,5,3,1,"Russie",2041,2,3,4,3,4,3,1,4,3,6,1,1,4,1,2,3,3,5,4,1,4,4,7,3,3,1,6,2,7,7,6,7,2,1,1,5,2,4,5,2,4,2,4,4,3,3,1,3,2,7,1,7,1,1,1,1,3,1,1,1,2,3,1,6,1,2,2,3,""
1,52,0,2,1,3,5,6,2,3,7,7,3,2,"Russie",2050,5,5,3,1,3,5,2,5,5,4,4,2,4,2,3,3,5,6,7,5,4,5,7,1,2,3,4,1,6,7,6,5,2,5,2,5,4,3,4,2,3,2,2,3,3,3,2,4,3,5,3,4,1,3,3,3,3,3,1,2,1,3,3,4,4,4,3,5,"Un peu long."
1,21,1,2,1,5,3,NA,2,2,2,3,1,1,"Conflit Russie-Ukraine qui s'étend",2035,5,7,5,5,6,4,4,3,6,6,5,3,5,2,3,2,4,4,7,6,6,6,6,4,5,3,3,4,4,4,6,7,1,2,4,3,1,1,4,3,3,1,5,4,2,2,1,4,3,3,3,3,2,3,3,3,3,1,3,1,2,4,3,3,2,4,2,5,""
2,20,1,2,1,3,6,3,1,2,1,5,4,3,"Troisième guerre mondiale",NA,3,5,2,3,2,1,3,2,2,4,3,1,2,2,2,2,3,4,4,2,2,1,6,2,4,4,7,3,7,5,4,7,1,1,6,3,2,1,2,2,3,1,3,2,2,4,3,1,1,5,3,4,3,2,1,2,3,3,1,1,3,4,1,4,2,1,2,4,""
1,21,1,2,1,2,9,4,2,2,3,5,3,1,"La Russie",2031,5,4,4,2,3,2,5,3,6,7,4,4,4,2,4,4,6,5,5,4,5,5,4,4,5,4,3,3,4,4,3,6,2,2,3,3,1,1,3,1,1,1,1,1,1,1,1,1,3,1,5,4,7,6,4,4,4,3,1,1,2,3,3,6,3,3,5,6,""
1,64,1,2,1,5,2,7,3,2,3,4,1,3,"je ne sais pas",2026,5,5,5,4,6,6,6,3,5,5,4,2,2,2,4,5,5,6,7,7,7,6,6,1,2,1,6,2,5,6,5,7,1,2,3,7,1,2,3,1,2,1,3,1,2,3,2,3,3,6,2,4,1,2,3,3,5,1,1,3,2,2,2,5,4,3,2,3,""
2,29,0,1,1,5,5,5,2,1,6,4,2,2,"une guerre nucléaire",2030,5,2,5,3,2,3,4,2,3,2,4,2,3,1,2,3,4,3,3,3,4,4,6,3,4,5,2,4,3,5,6,7,2,2,4,7,1,6,3,2,2,1,3,2,3,1,1,5,3,3,4,5,4,3,1,3,2,3,1,3,2,2,1,4,1,2,2,3,"Merci, ça fait réfléchir."
1,43,1,2,1,5,5,3,1,2,3,3,2,2,"La Russie",2056,1,5,3,6,3,3,3,2,5,4,5,2,5,1,2,3,3,5,5,5,5,5,7,4,5,3,3,1,7,6,6,7,2,3,4,5,1,1,2,1,2,2,3,3,2,2,1,2,3,7,3,6,1,2,1,1,3,1,1,3,2,3,1,4,2,1,1,2,""
1,56,1,2,1,5,8,6,2,2,3,7,4,5,"russie",2039,4,5,2,1,3,3,5,5,3,5,3,4,1,3,1,1,4,4,5,2,4,5,7,2,5,3,3,2,7,5,6,7,2,3,3,5,2,2,5,1,3,1,6,3,3,5,1,4,3,4,2,4,4,2,3,3,3,3,1,4,5,1,2,4,3,2,1,7,""
1,22,0,2,4,3,3,5,2,1,4,5,1,2,"La Russie",2027,5,7,6,7,7,3,7,5,6,5,7,5,5,3,2,4,3,5,6,6,6,7,4,3,4,4,5,2,6,6,4,7,2,4,3,6,1,2,2,1,3,1,3,2,3,3,2,1,3,3,4,4,5,3,4,4,4,2,2,3,4,3,4,5,5,4,4,5,""
3,19,1,2,1,5,6,5,2,2,4,5,4,1,"Chine",2035,6,4,5,3,4,4,6,3,4,4,1,2,2,1,3,2,4,3,5,6,4,5,5,4,3,3,2,2,4,3,7,6,2,1,6,4,2,2,5,3,4,3,4,3,4,4,5,3,3,1,4,2,5,3,2,2,2,1,1,1,2,2,2,5,2,3,2,4,"Merci, ça fait réfléchir."
1,72,1,2,1,4,8,5,1,2,6,6,5,3,"La Russie",2034,4,5,3,3,3,3,3,1,3,3,5,5,4,4,5,5,7,5,6,6,5,5,7,3,5,2,4,1,5,6,4,7,4,5,3,3,2,2,4,1,4,2,4,3,2,1,1,2,3,5,2,6,4,5,4,4,4,3,3,5,4,5,5,5,3,3,5,5,""
3,19,1,2,1,5,4,5,2,1,5,4,3,1,"Guerre avec la Russie",2030,6,7,5,5,5,4,6,4,7,5,4,4,2,2,7,5,6,7,7,6,4,5,6,3,5,1,1,3,6,5,1,7,2,3,7,5,1,1,2,1,4,1,2,1,1,2,1,1,3,4,4,5,2,4,2,3,4,4,1,2,2,2,2,5,3,5,5,4,""
2,23,0,2,1,4,4,4,1,2,5,4,2,2,"La Russie",2038,5,3,5,3,3,4,2,3,5,7,6,5,4,3,4,4,5,5,7,4,4,6,6,3,4,2,3,3,5,3,4,4,3,4,3,5,2,1,4,2,3,2,1,3,2,4,2,3,3,3,5,5,3,4,3,5,5,3,2,4,2,2,3,6,5,5,3,6,""
2,36,1,2,1,2,5,5,2,3,4,7,2,2,"aucune idée",2031,3,4,5,2,4,2,4,3,4,6,5,4,5,2,2,3,3,4,4,3,4,3,5,5,4,5,3,1,3,3,5,5,2,1,6,3,1,2,2,1,3,2,3,2,1,2,1,1,3,5,4,3,3,4,4,2,2,3,1,5,1,3,3,4,3,2,3,6,""
1,26,1,2,1,2,6,3,2,1,4,3,2,2,"La Russie",2068,3,4,3,7,4,3,6,2,4,7,4,3,4,4,1,1,3,2,6,3,5,5,3,5,6,3,3,3,5,5,4,5,4,1,7,3,2,1,3,1,4,2,3,4,2,3,2,3,3,4,5,2,5,3,2,2,3,3,2,3,1,1,2,7,2,3,3,4,""
2,25,1,2,2,3,3,2,3,2,4,6,5,1,"La Russie",2032,4,6,5,5,5,3,2,4,5,5,5,4,5,4,6,5,6,7,7,7,6,5,7,1,2,2,4,1,5,7,5,7,3,4,3,5,1,1,2,1,4,2,2,3,1,5,1,2,3,5,2,4,1,6,4,3,5,3,4,2,3,3,3,4,5,4,5,6,""
2,26,1,2,1,4,8,4,1,2,6,4,5,2,"russie",2033,6,6,6,6,6,2,7,3,7,6,6,4,3,5,6,5,7,7,7,5,7,5,5,4,6,2,3,2,4,6,4,6,6,5,6,4,1,3,3,1,4,1,1,2,1,2,1,1,3,3,5,3,5,5,4,6,5,3,2,3,5,4,7,7,4,6,4,6,""
3,21,1,2,1,2,5,5,1,3,3,6,1,3,"russie",2036,4,4,4,4,4,5,3,5,4,4,4,4,3,3,2,2,3,2,4,7,5,3,7,2,3,2,5,1,5,6,6,7,2,1,3,3,2,3,4,2,5,3,3,2,2,4,2,3,3,5,1,6,2,4,2,2,1,1,1,2,1,2,2,3,2,3,1,5,""
2,37,1,1,4,5,0,7,2,2,6,5,3,2,"guerre civile",2029,5,5,5,6,6,6,6,4,5,5,5,3,1,2,4,6,5,6,6,5,6,5,7,2,3,1,4,1,5,6,5,7,1,1,4,5,1,2,1,1,2,1,2,1,1,1,1,1,3,4,4,5,4,3,3,2,7,1,1,2,4,5,3,6,2,3,4,5,"Je n'avais jamais vraiment pensé à tout ça."
2,22,1,1,1,5,3,3,2,2,4,4,3,2,"Moyen-Orient",2029,2,4,5,3,3,3,6,5,3,1,3,4,4,2,3,5,5,5,4,4,5,3,6,4,5,3,5,1,6,6,5,6,2,2,3,2,2,1,3,1,3,1,2,2,1,1,2,2,3,5,2,4,3,4,3,3,1,3,1,1,1,2,2,4,2,1,2,7,""
1,21,1,2,1,2,8,5,2,2,5,6,4,2,"Moyen-Orient",2040,6,4,4,5,5,3,5,3,5,7,6,5,3,4,5,4,4,6,7,5,6,6,7,5,4,4,2,2,5,6,4,4,3,5,4,2,4,3,2,1,3,2,4,3,1,3,1,4,3,3,3,3,5,5,6,5,4,2,4,3,2,1,5,5,5,5,4,6,""
2,74,1,2,1,5,3,5,2,2,4,4,4,1,"Corée du Nord",2037,5,7,5,4,7,3,5,6,5,4,2,4,2,1,4,1,4,4,7,7,5,6,5,4,4,2,4,4,5,4,6,6,1,1,2,6,2,1,3,3,2,1,1,2,2,3,1,2,3,3,4,2,3,3,3,2,4,1,1,2,3,4,1,3,4,1,3,5,""
1,23,1,1,1,1,NA,6,2,2,5,6,5,2,"Russie / OTAN",2033,6,7,5,4,4,3,6,3,6,4,5,6,3,4,5,2,5,3,6,6,5,6,5,2,2,3,4,6,3,1,5,7,3,4,3,6,1,1,3,4,3,3,4,1,4,4,2,3,3,3,4,2,3,4,3,3,7,3,2,2,4,5,3,4,4,2,2,6,""
2,45,1,2,1,5,5,4,2,3,5,4,3,3,"je ne sais pas",NA,5,5,7,4,6,3,6,3,5,5,3,4,4,3,5,5,4,4,7,6,5,5,7,5,4,1,4,2,6,5,4,7,3,3,4,6,1,1,3,2,6,1,4,3,3,5,3,3,3,6,2,6,2,3,3,3,3,4,1,2,2,3,3,2,3,3,5,4,""
1,28,1,2,1,4,2,3,2,3,7,5,5,2,"La Russie",2035,7,7,4,3,4,6,1,7,4,3,4,4,3,2,5,7,5,6,7,6,7,7,7,2,1,1,4,2,6,7,7,7,2,3,4,5,1,1,2,1,3,3,1,1,2,2,1,1,3,6,1,7,2,4,4,3,6,1,1,1,4,4,3,2,3,4,3,4,""
1,22,1,2,2,3,6,5,2,2,4,2,1,1,"Conflit Russie-Ukraine qui s'étend",2029,5,7,5,4,5,1,4,3,5,4,3,4,4,1,2,1,4,4,6,5,4,4,7,2,3,1,7,2,7,5,7,7,2,3,3,5,1,3,4,2,1,4,3,2,2,2,2,2,3,6,3,3,4,3,2,1,4,4,1,1,3,2,1,3,2,1,4,2,""
1,36,1,2,1,3,6,3,1,2,5,6,2,2,"poutine",2029,5,7,4,6,7,2,7,3,6,5,7,6,4,4,4,6,5,5,7,6,5,7,5,5,6,4,2,3,2,2,3,5,5,5,4,6,1,2,3,1,3,1,4,1,2,4,1,2,3,2,6,2,6,6,5,6,5,6,3,4,2,4,4,6,4,4,4,4,""
1,20,1,2,4,3,9,4,2,2,5,4,4,1,"La Russie",2030,3,4,4,6,4,3,3,1,4,4,4,3,4,2,3,4,3,4,3,3,5,2,7,4,7,4,4,2,7,6,5,7,1,3,3,4,3,3,6,3,4,4,6,6,3,5,4,3,3,5,3,6,1,2,1,2,5,7,1,3,2,3,1,5,2,1,1,3,""
2,26,1,2,4,5,7,5,2,2,5,4,3,3,"La Russie",2032,4,4,2,5,3,2,5,3,5,3,5,4,4,2,3,2,4,3,5,1,4,4,4,4,5,2,4,1,6,4,5,6,2,3,3,5,2,2,2,1,4,3,2,3,1,2,3,4,3,5,4,4,4,4,3,3,5,2,1,2,1,2,3,6,3,3,5,4,""
2,19,1,1,1,5,5,5,1,2,4,5,2,5,"Russie",2034,2,7,4,4,5,2,3,6,3,4,5,4,4,2,3,4,7,6,6,6,5,6,6,3,2,1,4,1,7,4,7,7,2,4,5,5,1,1,2,1,1,1,2,1,1,2,1,1,7,5,3,5,2,4,5,3,5,2,2,1,2,1,1,2,5,4,2,3,""
2,22,1,2,1,5,5,5,2,2,4,2,1,1,"russie",2031,4,5,4,5,4,3,1,4,5,7,4,4,2,2,1,3,6,4,5,3,5,6,6,2,2,3,4,4,5,4,6,7,1,2,4,4,3,3,4,1,4,1,7,5,6,6,3,3,3,6,2,4,4,4,2,3,2,4,1,2,2,4,1,7,3,2,1,5,""
1,20,1,2,2,4,6,5,2,2,5,5,4,2,"La Russie",2034,2,2,2,3,2,1,4,1,2,3,2,1,1,1,3,3,5,1,3,2,3,2,7,5,4,1,4,1,5,5,4,7,1,1,2,6,6,4,7,4,6,3,3,4,4,4,4,5,3,6,2,5,2,1,1,1,1,3,1,1,1,1,1,1,1,1,3,2,""
3,21,1,2,1,5,3,5,2,2,7,7,5,2,"La Russie",NA,7,7,6,5,5,5,6,5,6,7,7,5,5,4,2,3,5,5,7,7,7,6,5,4,5,4,4,4,5,4,5,7,5,6,4,5,1,1,2,1,1,1,1,1,1,1,1,1,3,4,7,4,4,5,5,4,6,1,3,4,3,4,4,7,4,3,5,5,""
2,21,1,2,1,5,5,5,2,2,4,5,2,2,"aucune idée",2037,6,7,5,5,4,3,5,5,6,2,4,2,3,1,2,4,1,1,6,6,6,5,6,1,2,2,3,1,6,7,5,7,2,3,7,3,1,1,3,1,3,1,2,2,1,2,2,1,3,5,2,7,1,3,3,2,4,1,1,1,3,2,1,3,2,3,4,3,""
1,39,1,2,2,5,6,2,3,2,5,5,4,2,"aucune idée",2026,6,6,6,4,5,4,5,5,7,5,3,4,4,4,4,7,4,4,7,6,7,7,7,2,4,2,4,1,7,6,5,6,1,4,4,5,2,2,2,1,1,1,2,1,2,1,3,3,3,6,1,3,3,4,4,4,6,3,3,1,6,3,4,5,5,2,3,6,""
3,19,1,2,1,4,6,5,3,2,7,5,2,3,"Une invasion russe des pays baltes",2030,5,5,3,3,4,5,3,6,5,4,2,2,3,1,5,5,6,7,5,6,6,4,5,2,3,1,4,1,5,6,6,6,2,1,3,7,3,4,4,3,4,2,4,2,4,2,3,3,3,5,4,5,4,1,1,1,4,3,1,1,1,2,1,3,1,1,1,2,""
2,24,1,2,1,6,3,7,2,2,6,6,4,2,"Corée du Nord",2050,5,7,3,5,4,3,4,6,5,6,3,3,3,3,5,5,7,7,7,4,6,6,5,1,4,1,6,2,5,4,7,5,1,3,7,3,2,1,5,2,4,3,1,2,3,1,1,3,3,3,4,3,3,3,2,4,4,2,1,2,3,4,2,6,1,2,1,4,"Je n'avais jamais vraiment pensé à tout ça."
2,24,1,2,4,5,8,4,2,2,5,7,4,3,"Guerre avec la Russie",2029,5,5,5,7,4,1,7,3,6,6,6,4,5,6,4,3,5,5,6,5,7,7,7,4,4,3,3,4,7,5,2,7,3,3,3,5,1,1,2,1,1,1,1,1,1,2,1,2,3,5,4,3,2,4,4,3,4,5,1,4,3,3,1,7,3,5,2,7,""
1,24,1,1,1,3,6,4,2,3,4,6,1,2,"russie",2031,4,4,3,3,4,6,2,6,3,7,3,2,3,1,3,3,7,7,6,5,5,5,4,4,2,1,5,5,4,5,6,5,1,2,4,4,2,3,1,1,3,1,1,3,2,1,1,1,3,3,5,3,5,2,2,1,2,1,1,2,2,2,1,7,1,2,1,3,""
2,78,1,1,2,3,10,1,2,1,5,7,4,1,"je ne sais pas",2051,3,3,4,5,5,2,4,3,5,4,4,4,3,3,2,2,3,4,4,4,3,5,5,4,6,5,2,3,7,4,3,7,2,4,4,3,5,3,6,3,7,3,5,5,4,5,3,5,3,3,4,3,4,5,3,4,1,3,1,3,2,1,4,4,3,1,7,5,""
1,29,1,1,1,5,1,1,3,2,6,4,3,2,"La Russie",2028,6,6,5,6,5,1,2,2,3,6,6,4,3,2,5,6,4,6,7,5,7,6,7,3,5,2,3,2,5,4,4,6,3,4,4,4,1,1,3,1,3,1,2,2,3,3,1,2,3,3,4,5,3,4,4,5,5,1,4,2,1,5,4,5,5,6,3,5,""
1,84,1,2,1,4,4,7,3,2,6,5,1,1,"cyberguerre",2033,5,6,5,4,6,3,3,4,2,6,4,3,5,2,4,6,6,2,5,3,5,5,6,4,4,1,5,1,6,5,5,7,3,1,1,4,1,1,3,1,3,2,3,2,2,2,1,3,3,6,1,6,1,4,4,4,5,1,2,2,1,3,4,6,3,5,4,5,"Bonne chance pour votre recherche !"
1,26,1,2,1,6,2,5,2,2,6,5,1,3,"Terrorisme",2033,6,4,5,3,4,4,4,5,2,3,2,2,3,1,5,5,4,5,7,4,6,5,6,3,4,2,3,4,7,4,6,7,1,1,4,2,1,1,2,1,2,2,1,3,4,1,1,1,3,5,5,6,4,3,2,2,5,3,1,1,3,2,1,4,1,1,2,3,""
1,20,1,2,1,5,NA,6,2,2,3,3,1,1,"La Russie",2029,5,2,4,4,5,3,3,1,4,6,4,1,3,1,1,1,1,1,4,3,4,5,7,5,4,3,3,1,7,6,4,7,2,1,5,6,4,3,5,4,5,4,5,3,4,6,3,7,6,4,4,4,1,2,1,2,1,3,1,1,1,2,2,5,1,2,3,4,""
2,34,1,2,1,5,6,6,2,2,5,3,3,3,"Russie",2032,5,5,4,5,3,4,4,4,3,4,5,4,4,3,2,5,3,2,5,6,5,4,6,2,6,1,5,2,6,6,5,7,3,4,2,1,2,2,4,3,4,2,4,2,4,2,2,1,3,3,4,2,1,4,4,4,4,4,2,1,1,2,4,5,5,2,4,5,"Questionnaire intéressant mais un peu angoissant."
2,76,1,2,2,5,8,4,2,2,7,7,5,4,"Russie",2036,5,4,4,3,5,5,4,3,3,5,3,2,2,2,5,6,5,4,5,5,4,6,5,1,3,1,3,3,5,6,5,7,4,4,3,4,5,1,6,2,7,3,5,4,4,3,3,4,3,6,3,3,4,4,2,2,2,2,1,1,2,2,2,5,3,2,3,3,""
2,20,1,2,1,4,4,7,2,2,6,5,3,1,"russie",2040,3,4,3,5,3,4,3,4,4,4,1,2,1,1,1,2,4,4,4,3,3,4,6,1,4,1,4,2,7,6,6,7,1,3,4,7,1,2,2,2,4,1,3,2,2,4,1,1,3,6,4,4,3,1,1,1,2,1,1,1,2,1,2,4,1,1,1,3,""
1,24,1,2,1,5,3,6,2,2,3,5,1,1,"Chine",2030,6,6,6,5,6,6,3,4,6,5,5,3,3,3,4,5,4,6,7,6,6,6,5,2,2,2,4,4,4,7,7,5,1,1,4,6,1,3,2,1,3,1,2,1,1,1,1,1,3,5,5,4,3,4,4,2,5,1,1,2,3,3,2,5,3,3,4,5,""
2,25,0,2,4,5,4,NA,2,2,5,6,3,3,"La Russie",2044,5,4,6,4,2,2,3,4,5,7,4,3,1,1,2,2,2,2,6,3,4,3,6,2,3,1,5,2,6,6,6,7,1,1,3,1,2,3,3,2,5,3,2,1,3,2,1,3,3,7,4,6,3,2,1,1,4,1,1,4,2,1,1,4,2,1,1,3,""
3,22,1,2,1,5,6,5,2,2,6,5,2,4,"russie",2035,5,5,2,4,3,4,4,2,3,5,3,5,4,3,4,2,5,4,5,6,5,5,7,3,5,2,7,4,4,7,3,7,1,1,5,2,2,1,2,1,4,1,3,1,1,2,1,1,3,4,3,4,3,4,3,3,5,2,2,7,3,3,3,5,3,2,2,4,""
2,51,1,2,1,4,5,5,1,2,6,5,3,2,"Troisième guerre mondiale",2040,5,5,3,1,4,7,2,5,3,4,5,3,3,1,3,3,5,4,5,5,4,5,7,3,3,1,4,1,6,6,5,7,2,2,1,5,1,2,3,1,4,3,3,2,1,3,1,2,3,5,2,4,2,4,3,3,5,2,2,1,3,1,3,5,4,2,1,4,""
2,26,1,2,1,6,8,4,2,1,5,5,4,4,"La Russie",2033,5,5,3,6,7,3,2,6,3,5,5,3,3,1,4,3,5,4,7,4,6,6,6,3,5,2,3,3,5,4,3,7,1,2,6,7,1,4,2,1,2,1,3,2,4,4,2,3,3,4,4,2,3,3,3,3,5,2,1,2,2,2,2,3,2,4,3,4,"Merci, ça fait réfléchir."
1,25,1,2,4,4,4,5,2,2,4,5,3,4,"Troisième guerre mondiale",2039,6,5,6,4,4,3,6,4,4,4,3,3,4,1,2,2,4,4,5,7,6,4,5,3,3,2,3,4,5,6,5,5,2,2,2,5,1,1,2,1,2,2,1,2,2,2,1,2,3,6,3,4,6,3,5,3,5,2,1,2,3,6,2,4,3,4,1,6,""
2,24,1,2,1,3,NA,5,2,2,4,5,2,4,"La Russie",2029,5,4,5,1,7,4,3,7,5,5,5,3,2,1,5,5,4,4,6,3,5,4,7,1,4,1,6,1,7,7,6,7,1,2,4,5,1,1,3,1,2,1,2,1,1,2,1,1,4,7,2,3,2,1,2,2,6,1,1,1,4,6,1,2,3,2,2,2,""
1,23,1,2,1,5,7,3,2,2,4,4,1,1,"Russie",2031,3,4,2,2,2,3,2,1,4,2,3,2,2,1,2,3,3,3,3,3,3,1,5,6,6,3,2,1,3,4,2,4,1,2,3,5,4,5,6,4,6,4,5,6,5,7,4,6,3,3,6,2,5,1,1,1,1,1,1,1,1,1,2,3,2,1,1,2,"Bonne chance pour votre recherche !"
2,19,1,2,1,5,NA,5,2,2,7,5,2,2,"Aucun",2041,5,7,6,7,5,4,4,4,5,4,6,5,4,4,5,7,7,7,7,7,7,6,7,3,6,2,2,1,7,7,5,6,1,3,6,5,1,1,3,2,3,2,3,3,2,3,1,3,3,3,2,5,4,5,5,5,5,1,3,4,3,7,5,4,4,6,5,6,"Merci, ça fait réfléchir."
2,24,1,2,1,4,6,4,2,1,7,6,1,4,"russie",2041,5,6,7,4,4,4,1,4,4,2,1,3,1,1,4,5,6,5,5,6,5,5,7,2,1,1,6,2,5,4,6,6,1,1,3,4,1,1,4,1,4,1,3,1,1,2,1,2,3,5,2,7,2,3,3,3,4,1,1,1,1,4,2,1,4,2,1,5,""
1,20,1,2,1,4,6,5,2,2,6,7,4,1,"La Russie",2044,3,6,5,5,6,4,5,4,3,4,4,4,2,2,4,6,6,5,6,6,6,5,6,3,4,3,4,2,6,6,4,7,4,3,4,4,3,4,7,4,4,4,6,4,3,5,3,4,3,4,3,4,1,3,2,2,2,1,1,1,1,2,2,5,3,2,4,4,""
2,29,1,2,4,5,6,3,2,2,3,3,1,1,"Russie",2033,4,4,5,4,5,1,2,4,2,6,5,1,1,1,1,2,2,1,5,4,4,5,5,3,3,2,3,2,5,5,5,7,1,1,1,2,5,3,4,5,6,5,5,5,5,5,4,3,3,3,3,3,4,1,1,1,2,2,1,1,2,2,1,3,2,2,1,3,""
3,22,1,1,4,4,8,4,2,3,4,4,1,1,"Russie",NA,4,4,4,2,6,3,5,2,3,5,3,2,3,1,1,1,3,3,3,4,3,3,6,6,6,5,3,6,5,5,4,7,1,1,4,6,4,4,4,7,6,4,7,2,4,4,3,6,3,1,5,2,6,3,1,3,1,4,1,2,1,1,2,4,1,1,1,4,""
1,20,1,2,1,5,5,3,2,2,1,4,1,2,"Une invasion russe des pays baltes",2040,4,7,6,4,3,3,2,4,4,2,1,1,1,1,3,3,4,1,6,6,7,5,6,1,2,1,5,1,4,5,6,7,1,1,3,4,3,2,3,2,4,3,2,1,3,3,3,5,3,5,4,3,3,1,1,1,1,1,1,1,1,5,2,3,1,1,1,2,""
2,24,1,1,1,5,2,5,2,2,7,7,5,2,"La Russie",2031,7,5,5,4,6,4,4,5,5,5,4,3,4,1,3,3,3,2,7,5,6,6,7,3,4,1,5,1,7,7,6,7,1,1,4,7,1,3,3,1,4,2,3,3,4,1,1,2,3,4,1,4,1,4,3,3,5,1,2,1,2,5,3,4,1,4,1,7,""
2,21,1,2,2,4,5,2,2,2,7,7,5,2,"Chine - Taïwan",2045,5,5,4,5,3,4,3,2,5,6,5,4,4,4,4,5,3,2,5,5,7,5,5,2,5,2,3,2,7,6,5,6,3,4,2,5,4,3,4,2,5,1,4,3,4,4,3,4,3,4,4,5,5,4,3,2,2,3,1,1,1,2,3,6,4,3,2,5,""
2,51,1,2,4,5,5,5,1,2,3,3,2,1,"3ème guerre mondiale",2051,6,6,7,5,6,4,5,4,6,6,7,4,6,3,4,5,6,7,7,6,6,7,4,3,3,2,4,4,7,1,3,7,1,4,4,3,1,1,2,1,1,1,1,2,1,3,1,1,3,4,5,4,2,3,4,4,4,5,3,2,4,4,3,7,2,4,3,5,"Questionnaire intéressant mais un peu angoissant."
2,40,1,2,1,5,6,3,2,2,3,5,2,3,"Une invasion russe des pays baltes",2040,3,5,3,4,4,4,4,3,3,4,4,1,2,1,1,2,2,2,4,3,2,5,7,5,5,3,4,2,6,7,6,6,2,3,5,5,4,2,4,2,3,2,4,4,3,1,1,3,3,5,3,3,2,1,2,2,2,1,1,1,1,2,1,2,2,2,2,5,""
3,38,1,1,1,5,8,3,2,2,5,4,1,1,"Corée du Nord",2061,5,7,5,2,5,5,3,3,4,7,4,4,3,2,3,2,4,5,4,3,3,3,6,4,3,4,1,1,6,4,5,7,1,2,2,3,3,3,5,3,5,3,2,3,3,4,5,4,3,5,2,5,6,3,1,1,1,4,1,1,2,2,3,5,1,2,4,4,""
1,25,1,1,1,4,1,3,2,2,5,6,2,4,"russie",2031,4,7,3,5,4,6,1,1,5,4,6,4,4,3,3,2,4,6,6,6,5,5,7,3,3,1,4,2,5,7,6,7,2,2,6,6,1,1,1,1,3,1,1,2,2,1,1,4,3,5,4,4,4,3,4,2,4,1,1,2,4,4,4,5,1,3,4,4,""
2,79,1,1,4,3,5,5,2,2,5,1,1,1,"aucune idée",2051,5,5,5,4,4,4,3,3,3,5,4,1,2,1,4,2,5,5,5,5,6,5,7,3,3,1,2,1,7,7,3,7,1,1,4,6,1,2,5,1,4,3,4,4,3,1,1,3,3,5,1,5,2,2,2,1,4,1,1,1,1,3,1,6,4,4,1,5,""
2,20,1,2,4,3,5,6,2,2,5,6,3,2,"Aucun",2028,3,4,5,5,7,5,5,3,5,6,4,3,3,3,2,2,4,3,5,4,6,5,3,4,5,4,5,3,3,2,3,5,3,3,5,4,6,5,6,4,3,3,4,5,4,3,3,5,3,2,5,2,5,3,2,2,2,2,1,3,1,1,1,6,1,3,3,5,""
1,22,1,1,1,5,6,4,2,2,4,7,4,2,"Guerre avec la Russie",2035,4,7,2,6,5,1,6,5,5,6,4,3,3,4,5,6,7,6,7,5,6,5,6,5,4,3,3,5,2,4,4,6,1,3,4,6,2,2,4,3,4,2,5,3,4,3,5,4,3,5,4,3,4,5,4,4,2,1,2,1,1,4,2,4,4,4,3,3,""
2,20,1,2,4,4,4,3,2,2,4,5,3,5,"La Russie",2033,7,6,5,5,7,3,3,4,2,3,4,3,5,3,3,3,4,4,7,5,6,4,7,2,3,2,5,1,7,7,5,7,1,2,4,6,2,1,1,1,2,1,1,3,1,3,1,3,3,6,1,6,1,4,4,7,5,1,1,1,4,5,3,2,2,4,3,6,""
2,24,1,2,1,3,6,7,2,3,6,7,4,3,"La Russie",2029,3,4,1,5,5,1,4,2,5,7,5,3,3,3,2,3,1,3,6,3,4,4,6,4,6,4,3,1,7,7,3,7,1,1,4,6,3,2,5,2,5,4,4,4,3,3,4,5,3,4,4,3,4,2,2,2,2,4,1,2,4,3,3,7,2,3,2,5,""
2,20,1,2,1,5,6,2,2,2,4,3,4,1,"russie",2034,5,4,5,3,5,4,5,4,4,4,3,3,3,2,4,2,4,3,6,5,5,7,4,3,3,2,5,3,4,2,7,6,1,2,3,4,1,1,1,1,3,1,1,1,1,4,1,3,3,4,4,3,3,4,3,2,3,2,1,1,1,2,3,4,2,3,2,3,""
1,25,1,1,1,4,5,4,2,2,2,6,3,1,"Chine",2040,3,5,4,3,4,3,3,5,5,4,5,4,4,2,3,4,7,6,5,4,3,3,4,4,5,5,2,3,6,3,4,7,2,2,4,5,1,1,4,1,5,1,2,1,3,1,2,3,3,4,3,4,4,5,6,4,4,6,2,2,1,3,3,1,7,3,3,5,""
2,25,1,1,1,4,5,4,2,1,5,7,3,3,"guerre civile",2035,4,6,3,5,4,3,5,4,6,5,5,1,2,1,6,6,7,4,5,4,4,4,5,2,5,2,3,3,3,5,2,5,1,3,5,3,1,1,1,1,3,1,1,1,1,3,2,1,3,2,3,4,4,4,2,2,5,3,1,1,3,3,2,7,3,4,3,3,"Certaines questions étaient difficiles à comprendre."
1,24,0,2,1,5,8,5,2,2,4,4,5,1,"russie",2035,4,4,4,4,6,5,6,1,2,7,3,4,5,2,4,4,5,7,5,5,4,7,5,3,5,3,1,1,6,5,4,7,2,2,3,4,5,3,5,1,5,4,5,4,3,3,3,1,3,6,3,1,3,3,3,2,5,3,1,2,3,3,2,7,2,3,5,3,""
1,23,1,1,1,5,6,4,2,1,4,3,2,2,"Russie",2028,3,6,5,4,6,4,4,1,4,3,6,3,2,2,3,1,3,6,6,5,7,4,5,2,4,2,5,1,7,6,5,7,1,1,2,4,3,3,2,1,3,1,4,4,2,3,1,3,3,6,3,7,1,3,2,1,3,2,1,3,1,1,2,4,2,3,2,3,""
1,22,1,2,1,4,9,6,2,2,6,5,4,3,"poutine",2037,4,6,7,3,5,5,2,3,7,5,5,3,1,3,3,1,5,2,4,4,5,5,7,6,3,4,4,4,4,6,4,6,3,2,5,6,5,1,6,3,5,1,4,1,1,5,3,4,3,3,5,4,3,4,3,4,2,4,1,4,1,4,2,3,3,3,2,4,""
1,20,1,1,1,2,4,7,1,2,4,6,2,1,"La Russie qui attaque un pays de l'OTAN",2042,4,3,4,3,5,5,3,6,4,4,2,1,1,1,4,3,6,5,7,6,4,3,7,1,3,1,6,2,7,6,6,7,1,1,2,3,1,2,2,1,4,3,4,3,1,1,3,3,3,6,3,5,2,2,2,2,3,1,1,1,1,3,1,2,4,2,1,4,""
1,21,1,1,1,5,3,5,2,2,5,6,3,3,"Chine",2031,5,7,6,3,5,5,4,6,5,7,5,4,4,3,1,3,5,3,7,7,7,7,5,2,3,1,6,1,4,2,6,5,1,4,4,4,1,1,1,1,2,1,3,1,1,2,1,1,3,4,4,5,2,5,7,4,3,3,2,2,4,4,5,5,2,4,4,4,""
2,19,1,1,1,4,4,3,2,2,5,2,3,2,"Troisième guerre mondiale",2027,6,6,4,2,3,4,3,3,6,6,3,1,2,1,4,5,5,3,6,5,6,5,7,3,4,1,4,1,5,5,7,7,1,1,4,3,2,5,3,1,3,2,1,3,3,4,1,2,3,7,2,5,1,2,2,1,3,2,1,1,3,2,3,4,3,3,1,2,""
1,35,1,2,1,5,5,6,2,2,6,6,3,1,"russie",2036,3,4,3,3,3,2,2,2,4,4,4,2,2,1,4,3,4,3,4,4,3,4,7,4,3,4,4,2,7,5,5,5,2,1,2,5,4,3,4,1,3,1,3,2,3,3,1,2,3,5,5,3,4,3,2,2,1,2,1,1,1,3,3,4,2,1,3,1,""
1,26,1,2,1,5,5,4,2,2,3,5,3,4,"aucune idée",2027,6,5,4,3,4,4,5,4,4,5,4,3,2,1,4,6,7,4,5,5,4,4,5,5,5,3,3,1,6,4,3,7,1,6,5,3,2,1,3,1,2,1,1,1,2,2,1,2,3,4,3,5,3,3,3,1,4,2,2,2,3,4,2,3,1,2,2,3,""
1,64,1,2,1,5,4,4,2,2,2,4,1,1,"La Russie",2031,5,3,5,5,3,3,2,3,6,4,3,2,4,1,1,1,2,2,4,4,4,4,7,2,4,2,6,3,3,6,5,7,1,1,5,4,1,2,1,1,3,1,3,1,2,1,2,4,3,6,5,5,4,1,1,1,1,2,1,1,1,1,1,5,1,1,2,2,""
2,29,1,1,1,3,2,NA,2,2,6,6,3,2,"Guerre avec la Russie",NA,7,7,7,5,6,3,6,3,7,3,6,6,4,3,6,5,7,6,7,7,7,7,7,1,3,1,5,2,3,4,3,7,4,2,4,3,1,1,1,1,2,1,3,1,1,1,1,1,3,4,5,4,2,4,5,3,6,1,3,1,3,5,4,3,3,4,3,7,""
2,22,1,2,1,5,3,6,2,2,4,4,1,5,"Russie",2046,4,4,4,1,5,4,4,5,5,4,5,3,2,1,1,3,5,4,5,4,5,2,6,4,4,1,4,1,6,5,4,7,1,1,5,5,1,2,2,1,3,1,3,2,2,1,1,3,3,6,2,5,3,3,2,3,2,3,1,1,1,4,1,6,3,3,3,5,""
2,19,1,2,1,4,3,8,2,2,2,6,2,1,"Russie / OTAN",2040,5,7,4,3,2,6,3,2,5,4,2,1,1,1,3,4,4,4,7,5,4,7,3,1,3,3,6,2,3,5,6,4,1,1,5,7,3,2,3,3,4,1,2,3,2,3,3,2,3,3,2,3,3,2,2,2,3,1,1,1,1,4,1,3,3,2,2,4,""
2,21,1,2,1,5,6,5,2,1,3,6,2,3,"Une invasion russe des pays baltes",2043,3,3,1,1,3,3,3,4,3,5,1,1,1,1,1,3,2,3,4,3,2,2,6,1,3,1,6,1,6,4,7,7,1,1,3,6,5,3,7,2,4,3,6,4,4,5,4,3,3,5,2,4,2,1,1,1,1,1,1,1,1,1,1,4,1,1,1,1,""
1,43,0,1,4,5,6,4,1,2,3,6,1,3,"3ème guerre mondiale",2030,7,6,7,4,6,4,6,4,6,5,2,2,3,2,2,4,4,3,7,6,7,5,7,4,3,1,5,3,4,4,3,7,1,4,4,4,2,3,4,1,5,2,3,2,3,3,3,5,3,6,5,4,3,1,2,1,5,2,1,1,3,1,1,3,2,1,1,4,""
1,75,1,2,1,5,8,5,2,2,4,4,2,2,"Etats-Unis",2035,7,4,4,5,5,3,3,5,5,6,4,5,1,2,6,6,7,7,7,6,5,6,6,4,6,3,3,1,5,6,4,7,2,3,3,4,2,2,3,2,2,1,4,1,4,4,1,2,3,3,5,4,4,5,3,6,4,2,2,2,4,3,4,6,5,3,3,4,""
2,21,1,2,1,3,4,5,2,1,3,3,3,1,"Chine",2037,5,2,6,5,4,4,6,3,5,5,3,1,4,2,3,5,5,4,5,6,4,4,5,3,5,2,2,1,3,4,3,4,1,1,4,2,2,1,3,2,3,1,4,3,1,1,2,1,3,3,6,3,5,2,2,1,3,5,1,1,1,2,1,6,2,1,4,6,""
2,34,1,2,1,5,7,NA,2,2,5,6,3,3,"La Russie",2028,6,7,4,3,6,4,5,4,6,7,6,3,3,3,3,4,6,5,7,5,6,6,5,5,4,3,5,1,5,4,6,7,7,2,4,4,1,2,1,1,3,1,3,1,2,4,1,1,3,3,3,4,3,4,7,3,4,4,1,1,3,3,3,7,2,4,2,6,""
1,28,1,2,1,5,4,4,2,2,4,3,3,1,"aucune idée",2043,2,5,6,5,5,4,2,3,4,6,5,3,4,2,4,4,4,3,7,4,7,5,7,3,5,2,5,1,7,4,6,7,2,5,1,3,3,1,4,2,5,1,2,5,2,3,1,3,3,5,1,3,3,4,5,4,5,2,1,1,2,2,4,4,3,2,4,5,""
2,84,1,2,1,3,2,5,2,3,1,4,1,1,"La Russie",2034,2,4,2,3,3,1,1,3,5,3,3,1,2,1,1,2,3,3,3,3,2,2,5,4,7,1,2,1,4,6,2,7,1,1,5,4,3,4,4,3,6,3,3,5,6,5,5,6,3,5,2,4,6,1,1,1,1,2,1,1,1,2,1,1,1,1,1,1,""
1,24,1,2,1,5,6,4,2,2,5,2,4,1,"Iran",2038,3,6,6,3,5,4,4,3,4,5,4,4,3,1,5,5,6,6,6,7,6,6,5,4,3,3,5,1,4,4,5,7,1,3,6,2,4,1,3,1,3,1,3,1,1,4,1,3,3,7,1,6,1,5,5,5,5,4,1,1,4,6,3,5,3,5,6,7,"Merci, ça fait réfléchir."
2,18,1,2,4,4,4,4,2,2,7,5,3,1,"Etats-Unis",2038,6,5,5,2,5,3,5,4,4,3,2,3,1,1,2,3,4,6,5,7,6,6,4,2,4,3,5,1,5,6,5,7,1,1,5,6,3,3,3,2,4,2,5,2,4,3,1,2,3,4,7,4,5,2,1,2,4,3,1,1,1,2,1,3,4,2,2,1,"Questionnaire intéressant mais un peu angoissant."
2,62,1,2,1,5,3,5,1,1,3,6,1,1,"je ne sais pas",2032,3,3,1,4,3,1,3,3,3,5,2,2,3,3,3,1,3,1,3,2,2,2,4,3,3,4,4,2,7,6,4,6,1,1,3,6,2,2,3,1,4,2,3,3,2,2,2,3,3,4,3,3,3,1,1,1,3,2,1,1,2,1,1,3,1,1,2,3,""
2,18,0,2,5,3,3,2,2,2,1,4,1,1,"cyberguerre",2033,3,3,1,3,2,3,1,1,3,2,3,3,1,1,1,3,5,3,4,1,3,3,5,2,4,1,6,1,5,5,6,7,1,1,2,6,1,3,3,2,2,2,2,2,3,2,1,3,3,3,1,4,3,2,1,1,3,2,1,1,1,2,3,3,2,3,2,4,""
1,20,1,1,1,4,7,6,2,2,5,3,2,2,"3ème guerre mondiale",2030,4,6,3,4,5,5,4,3,6,5,5,3,3,1,4,1,3,3,5,5,6,4,7,5,2,2,4,1,4,5,5,7,1,1,3,4,4,4,4,4,5,4,5,4,4,7,6,4,3,2,3,5,2,2,2,1,2,3,1,2,1,2,1,7,3,3,2,2,""
2,33,1,1,1,3,8,4,2,2,7,6,5,2,"Israël / Iran",2030,4,5,7,7,7,4,5,4,4,7,7,5,5,5,4,4,6,6,5,7,7,6,6,3,7,3,2,1,6,5,4,7,3,5,2,6,1,1,1,1,4,1,3,2,1,2,1,2,3,6,5,5,5,5,4,4,4,4,4,4,5,4,2,7,5,5,4,7,""
1,84,1,1,1,4,7,4,2,2,6,5,2,4,"La Russie",2027,7,7,4,5,6,4,7,6,6,2,3,3,1,2,4,2,5,4,6,7,6,5,5,3,1,2,5,1,6,7,5,7,1,2,3,5,4,3,2,2,2,1,2,1,1,3,2,2,3,3,2,7,3,4,4,3,3,1,3,4,1,3,3,2,4,4,3,3,""
2,18,1,1,1,3,4,2,2,1,3,6,2,1,"Russie",2042,2,3,2,4,2,2,1,1,3,4,1,3,3,1,4,4,6,6,3,2,3,3,6,3,3,2,4,1,2,5,5,7,1,2,4,3,2,3,3,1,4,1,1,1,4,2,1,2,3,4,4,2,3,4,2,3,2,1,1,2,3,1,2,5,3,2,3,5,""
1,59,1,1,1,4,2,5,2,2,4,5,2,5,"La Russie",2032,6,7,5,5,4,7,1,5,5,5,5,3,2,1,2,2,4,4,7,7,6,5,6,2,4,1,4,3,6,3,7,7,1,2,2,3,2,2,3,1,3,4,2,2,3,5,3,5,3,5,3,3,3,2,2,1,4,1,1,2,2,1,2,4,2,1,2,5,""
2,23,1,2,4,3,5,6,2,2,2,2,2,1,"Biélorussie",2030,2,4,3,1,3,4,2,3,4,4,2,1,2,1,1,2,2,2,3,4,1,2,7,2,1,1,7,1,6,5,7,7,1,1,3,2,5,4,5,2,5,3,4,4,5,4,3,4,3,7,2,5,1,1,1,1,1,1,1,1,1,1,1,3,1,1,1,3,""
2,20,1,1,1,3,7,6,2,2,2,4,1,2,"Serbie / Kosovo",2055,5,5,3,4,4,3,4,4,4,4,6,2,3,3,3,3,4,4,6,4,7,6,6,5,4,4,2,2,6,7,2,7,1,1,5,4,1,2,2,1,4,1,1,1,3,2,1,2,3,4,3,3,4,3,2,2,3,4,1,1,1,3,1,6,5,3,1,4,""
2,45,1,2,1,5,7,2,2,2,6,6,4,4,"Troisième guerre mondiale",2029,6,7,6,4,5,3,4,6,7,4,5,4,4,2,4,5,4,4,7,7,7,7,7,4,3,1,2,1,6,5,4,6,3,4,4,6,2,4,3,1,4,3,3,2,2,2,2,2,3,5,3,4,4,4,4,2,4,2,2,1,2,2,2,4,3,3,3,5,"Bonne chance pour votre recherche !"
2,35,1,1,1,5,6,4,2,2,6,6,5,4,"La Russie qui attaque un pays de l'OTAN",2048,5,6,6,6,5,4,7,4,5,1,5,3,3,3,6,6,6,6,7,7,6,6,5,4,5,2,4,2,5,7,7,7,3,3,3,2,2,1,1,1,1,1,2,2,1,1,2,1,1,3,4,4,5,4,4,4,6,1,3,1,4,2,6,3,4,3,3,3,""
1,24,1,1,1,4,5,4,2,2,3,6,2,2,"guerre civile",2048,5,5,6,1,5,4,7,4,7,5,6,3,3,2,2,3,4,3,6,6,6,6,6,4,4,2,5,3,4,5,4,7,1,3,3,2,2,1,4,1,2,4,1,1,3,2,1,2,3,5,3,3,2,2,2,2,2,2,1,3,3,1,1,2,1,2,2,4,""
2,25,1,2,1,6,3,5,1,2,6,5,5,1,"Troisième guerre mondiale",2032,5,3,4,5,3,1,5,2,5,6,6,4,6,3,2,3,4,5,5,5,5,4,3,5,5,6,4,2,5,5,3,7,2,3,3,4,1,2,3,1,3,1,3,3,2,3,1,1,3,3,4,5,4,4,4,4,3,1,3,2,4,4,4,5,4,4,3,7,""
1,18,1,2,1,4,6,7,2,2,6,7,4,5,"?",2034,6,6,6,4,4,5,7,4,6,7,4,7,4,5,6,7,6,7,7,6,7,7,7,2,3,2,6,1,7,6,6,7,4,3,5,4,1,1,1,1,1,1,1,1,1,1,1,1,3,6,4,7,1,5,5,5,6,2,3,2,1,4,3,2,7,3,3,7,""
1,35,1,2,1,5,5,3,2,2,1,3,2,1,"Chine",2029,7,5,6,6,5,4,4,4,4,4,3,4,2,2,1,2,2,3,7,7,7,6,7,5,6,4,1,1,5,6,5,7,1,2,3,7,2,2,3,2,6,3,3,4,2,5,4,4,3,4,4,4,2,2,3,3,2,2,1,3,1,3,2,3,2,1,3,4,""
2,72,1,2,1,5,5,5,3,2,4,7,5,2,"Russie",2038,4,5,5,3,6,3,5,3,5,5,4,4,1,3,2,3,5,5,5,3,7,6,6,3,2,1,4,1,4,5,5,6,1,2,5,7,3,2,2,2,2,2,2,2,1,2,1,3,3,2,3,4,3,3,3,3,4,1,1,1,4,4,2,4,4,4,2,4,""
1,25,1,2,1,5,5,3,2,3,4,4,3,5,"Terrorisme",2034,4,5,6,2,4,2,4,5,4,2,4,5,2,1,2,3,5,5,6,4,7,4,7,5,4,2,3,1,6,5,7,7,1,2,4,3,3,1,2,2,4,3,4,2,3,3,1,4,3,6,1,6,1,3,3,2,3,1,1,1,2,2,2,6,3,2,1,5,""
2,25,0,1,1,5,3,3,2,2,6,5,5,1,"Russie / OTAN",2042,4,5,3,3,2,5,3,3,4,4,2,2,1,1,2,1,3,4,5,4,4,4,7,3,4,6,6,1,4,6,6,6,1,1,4,1,3,3,2,1,5,1,4,2,2,5,2,4,3,7,3,6,2,2,1,1,2,2,2,1,4,3,1,4,1,3,1,1,""
1,63,0,2,4,3,4,7,2,2,4,7,3,4,"aucune idée",2033,4,5,4,2,4,1,2,3,2,5,5,3,3,1,1,2,1,3,2,3,3,3,7,4,4,1,3,1,6,7,5,7,3,1,4,5,3,4,4,4,7,3,4,5,5,7,5,5,3,7,2,4,4,1,1,1,1,4,1,1,1,2,2,3,2,2,1,5,""
1,80,1,1,1,5,7,4,2,3,7,5,2,3,"russie",2030,4,6,2,3,4,3,3,5,4,4,2,2,2,1,3,4,5,3,5,3,5,4,7,1,3,2,4,1,7,7,6,7,1,1,5,5,3,4,5,3,7,4,5,4,3,3,3,5,3,7,2,6,1,1,1,1,2,2,1,1,2,2,1,3,1,2,1,4,""
2,26,1,2,1,4,5,1,1,1,7,3,5,2,"Russie / OTAN",2035,5,6,2,7,5,6,7,5,4,5,4,4,3,3,1,4,4,4,7,4,5,7,4,2,1,2,4,3,4,4,4,3,2,3,5,4,1,2,5,3,2,1,3,3,3,4,2,4,3,2,4,2,6,3,4,2,5,3,2,3,1,3,1,5,4,4,3,3,""
2,24,1,2,1,4,5,4,2,2,7,6,2,3,"Israël / Iran",2031,4,5,4,5,3,2,3,4,5,4,4,1,2,2,6,4,7,5,4,4,4,4,7,5,6,2,3,1,6,7,5,7,1,1,4,5,2,3,4,4,6,2,6,3,4,2,1,5,2,6,2,6,2,4,2,2,3,4,1,1,1,2,3,4,3,1,3,2,""
2,18,0,1,1,4,5,5,2,1,7,6,3,5,"La Russie",2028,7,7,5,2,5,1,4,4,4,7,6,4,3,2,4,3,5,6,6,5,5,4,6,3,7,5,3,3,7,4,4,6,3,4,5,4,1,1,3,1,1,1,1,1,1,1,1,1,3,5,6,4,3,5,4,3,4,3,1,3,2,3,3,4,1,5,2,5,"Questionnaire intéressant mais un peu angoissant."
2,51,0,2,1,5,8,2,2,2,2,4,1,3,"je ne sais pas",2032,4,5,5,4,3,2,6,1,4,5,3,2,2,1,3,3,2,4,3,4,4,4,4,6,6,3,2,2,6,5,2,6,2,2,6,5,3,4,5,4,5,4,5,3,6,3,4,4,3,3,5,1,4,3,1,2,3,4,1,1,3,1,2,5,1,2,2,5,""
1,50,1,1,1,4,5,8,2,2,5,7,4,2,"Russie",2027,4,5,5,2,4,3,4,2,4,5,5,5,3,2,3,6,4,5,5,4,3,5,6,1,2,1,4,2,6,6,7,7,3,3,4,5,1,3,3,3,5,2,3,3,2,3,3,4,3,5,3,5,1,4,2,3,2,4,1,2,3,2,3,4,3,2,2,3,""
2,22,0,2,1,2,5,5,2,2,6,7,3,2,"russie",2043,1,3,3,3,2,1,3,2,4,5,4,4,4,3,4,4,4,5,2,1,3,4,6,4,5,3,5,2,3,3,6,5,2,4,3,7,1,1,3,1,4,1,4,2,4,3,1,1,3,5,6,4,3,3,1,3,1,3,2,2,1,1,3,6,3,3,1,5,""
2,23,1,2,4,5,5,4,2,2,4,4,3,3,"La Russie",2036,6,5,5,3,5,5,5,4,4,4,6,4,5,4,4,4,4,6,7,6,5,7,5,2,4,4,4,4,6,5,2,7,2,2,3,6,1,1,3,2,3,1,3,2,2,2,1,2,3,5,3,3,5,5,5,4,3,2,1,2,3,2,3,4,2,4,5,7,""
1,23,1,2,1,5,3,3,2,3,5,4,1,1,"Russie",2047,3,7,5,3,6,6,5,4,5,2,3,3,3,1,3,1,1,1,5,3,7,6,4,4,4,3,3,1,5,5,3,7,1,2,4,6,2,5,3,1,3,3,5,5,4,4,2,4,7,4,4,3,3,3,3,2,4,1,1,2,2,1,4,5,4,4,3,5,"Merci, ça fait réfléchir."
1,27,1,2,1,5,5,3,2,2,7,4,5,4,"Iran",2027,6,6,6,7,4,3,4,3,7,6,4,2,2,2,4,4,5,6,5,5,7,5,7,3,5,1,3,1,6,7,4,7,3,1,7,3,4,5,3,2,4,4,4,3,2,3,2,4,3,4,2,7,3,3,3,2,4,4,1,2,3,3,2,4,4,4,3,3,""
2,24,1,2,1,5,NA,6,2,3,3,3,2,1,"Chine",2032,7,7,6,7,5,4,7,3,6,7,7,6,5,5,3,3,3,3,7,6,7,7,6,6,7,4,2,1,7,6,3,6,2,2,3,4,2,3,2,1,5,1,2,1,2,2,3,1,3,4,5,5,4,6,5,4,5,4,1,2,2,4,5,6,3,4,4,5,""
1,26,1,2,1,4,6,4,2,1,4,3,2,1,"La Russie qui attaque un pays de l'OTAN",2038,4,2,1,2,4,1,3,4,6,5,3,1,1,1,3,2,3,3,5,3,6,3,6,6,4,3,4,2,7,5,6,7,1,1,5,4,5,4,4,1,5,2,3,6,6,3,2,3,3,4,3,5,3,1,2,2,2,3,1,1,1,3,1,3,3,2,1,4,""
2,21,1,2,1,5,2,7,3,1,4,2,1,1,"Une invasion russe des pays baltes",2035,1,2,1,3,1,2,2,5,5,5,3,1,2,1,2,3,5,5,6,5,3,4,3,1,2,1,5,2,6,5,5,5,2,1,3,7,3,2,2,2,3,4,4,1,2,3,3,3,3,5,4,6,2,2,1,1,3,3,1,2,1,3,1,4,2,2,3,3,""
2,21,1,2,1,5,5,4,2,2,2,4,2,2,"je ne sais pas",2031,6,6,5,4,5,5,1,1,5,7,4,3,3,3,4,4,5,3,7,3,4,6,6,4,4,3,3,2,5,6,4,7,1,3,2,3,2,1,3,1,2,1,1,1,1,3,2,2,3,6,3,4,1,3,1,2,5,3,1,1,5,4,1,5,3,1,1,2,""
2,22,1,2,1,4,6,4,2,2,7,6,4,4,"La Russie qui attaque un pays de l'OTAN",2051,7,7,6,6,5,4,4,5,6,5,7,6,5,5,4,4,5,4,7,6,6,6,4,5,4,3,5,2,6,6,3,6,3,4,3,3,1,1,2,2,2,1,1,1,1,1,1,1,3,5,3,5,3,4,5,5,6,3,4,3,3,5,3,5,4,5,5,6,""
2,19,1,2,1,4,5,2,2,2,3,3,1,3,"Une invasion russe des pays baltes",2050,2,2,2,3,3,5,6,2,1,3,3,1,1,1,2,1,3,4,4,4,4,2,5,4,3,2,5,3,4,5,4,6,1,2,5,4,3,4,4,1,5,3,5,2,3,3,2,4,3,5,3,3,3,1,1,1,1,2,1,1,3,2,1,3,3,1,3,2,""
1,45,1,2,5,5,NA,4,2,2,7,6,3,5,"Moyen-Orient",2044,7,6,3,6,4,3,4,3,4,5,6,5,4,3,4,4,6,5,5,4,6,4,4,7,4,2,3,1,3,4,3,7,3,2,6,2,1,2,4,1,1,1,2,2,2,1,1,3,3,3,4,1,4,2,2,1,3,6,1,1,5,3,3,3,4,1,4,4,""
1,42,1,2,1,5,5,7,2,2,5,5,3,4,"Conflit Russie-Ukraine qui s'étend",2037,3,4,3,1,5,3,3,3,4,5,6,3,2,1,3,1,5,3,6,3,5,5,4,3,3,2,3,1,7,6,6,7,1,3,4,6,2,1,4,1,4,1,3,3,2,1,1,3,3,5,2,4,1,3,3,3,2,3,2,1,2,2,3,6,3,2,2,3,""
2,30,1,2,4,3,3,4,2,2,7,6,4,3,"Russie",2029,5,7,4,3,4,4,6,5,2,5,6,4,2,3,6,4,6,7,5,6,7,5,7,3,1,1,5,2,6,4,6,7,2,3,3,2,2,3,6,2,5,4,4,4,2,3,4,3,3,5,5,5,3,3,3,4,3,2,1,3,3,3,3,5,5,3,3,4,""
2,20,1,2,1,5,6,6,2,2,5,5,4,2,"je ne sais pas",2033,2,4,5,5,5,4,4,3,6,4,3,3,3,3,3,5,4,4,6,3,5,3,7,3,3,3,6,1,5,4,4,7,1,2,3,3,2,3,3,3,3,1,3,3,2,2,2,2,3,7,4,5,4,3,2,2,2,4,1,3,2,2,3,4,2,3,1,2,""
2,19,1,2,1,5,6,6,2,2,4,4,1,1,"Guerre avec la Russie",2036,2,5,2,4,3,4,3,4,5,6,5,3,5,1,1,2,4,4,5,3,5,3,6,6,4,5,1,1,6,6,4,7,2,2,5,1,2,3,5,1,2,3,5,5,4,4,2,5,7,4,4,4,3,2,2,3,2,3,1,5,1,1,1,5,1,4,5,5,""
2,25,1,2,4,3,6,5,1,2,3,5,2,3,"La Russie",2039,5,6,7,4,7,4,6,3,5,7,5,4,2,3,2,3,1,3,7,5,7,6,6,6,6,5,1,3,5,3,2,7,1,3,5,6,3,3,1,2,4,3,1,1,2,3,3,3,3,6,5,1,5,5,4,4,3,4,1,2,1,5,4,7,4,4,4,5,"Certaines questions étaient difficiles à comprendre."
1,25,1,2,1,3,7,4,3,2,5,7,2,2,"Troisième guerre mondiale",2029,3,5,7,2,6,3,5,2,3,6,5,5,2,3,4,3,5,4,5,4,5,5,3,4,5,4,3,3,3,3,4,3,3,3,4,6,3,5,6,2,5,3,3,5,5,4,4,5,3,3,5,3,5,4,3,3,2,5,1,3,1,1,5,5,2,4,4,7,""
2,40,1,2,1,5,5,5,2,2,6,7,5,4,"Russie",2028,2,3,5,3,3,4,1,2,1,4,7,5,5,4,6,5,4,6,6,4,4,5,7,4,7,4,3,5,6,5,4,6,4,5,5,4,3,3,2,2,5,2,4,3,2,3,1,2,3,2,5,2,4,5,4,5,5,4,2,4,3,2,2,6,3,3,5,5,""
1,24,0,2,1,3,2,6,2,2,5,6,3,1,"Serbie / Kosovo",2040,4,4,4,3,7,4,5,3,4,6,5,4,4,3,1,4,3,3,4,4,5,4,6,5,5,4,3,1,7,5,3,7,4,3,3,5,4,2,5,2,4,2,3,4,2,3,2,4,3,4,4,4,4,4,4,3,3,4,1,3,3,4,4,6,5,3,3,6,""
2,26,0,2,1,5,5,4,1,1,4,6,5,4,"Russie",2032,7,7,7,6,6,6,4,6,6,7,6,5,6,5,5,5,7,6,7,6,7,7,6,4,2,2,5,1,5,4,5,6,5,4,6,2,1,1,2,1,2,1,1,1,1,1,1,2,3,5,4,3,3,6,4,5,5,2,1,3,2,3,6,6,6,4,6,6,""
1,22,0,2,1,3,2,NA,2,1,6,4,1,2,"guerre civile",2032,4,4,7,1,3,3,5,2,4,6,4,2,3,2,3,2,3,2,6,2,4,4,7,1,2,1,5,3,6,4,7,6,1,2,2,3,1,3,3,2,5,2,3,4,2,4,1,3,3,6,3,5,3,3,3,2,4,1,1,1,2,2,2,6,3,2,2,3,""
2,23,1,2,1,4,4,2,2,1,3,5,2,2,"une guerre nucléaire",2034,5,3,4,3,3,5,2,5,4,5,3,3,1,1,3,4,3,2,6,3,4,5,7,3,3,1,6,2,7,7,5,7,1,2,1,4,3,2,4,3,4,3,3,3,3,4,2,4,3,6,1,7,1,2,1,1,2,1,1,1,1,2,1,2,1,1,2,2,""
2,67,1,2,1,4,7,5,2,2,4,5,5,3,"La Russie qui attaque un pays de l'OTAN",2041,5,7,6,6,6,1,5,3,5,4,6,5,4,3,6,5,6,6,6,5,5,7,4,5,4,3,2,1,6,7,5,7,4,4,6,7,1,4,3,1,1,3,2,2,2,2,1,4,5,3,6,2,2,5,4,4,3,4,2,4,3,3,4,7,4,4,4,7,""
2,25,1,1,1,4,2,5,2,2,5,7,3,3,"La Russie",2036,4,6,3,3,2,4,2,2,4,4,4,4,1,3,3,4,5,5,7,4,5,6,6,2,4,2,4,1,7,7,7,7,2,1,7,5,4,4,5,3,6,3,5,3,5,4,5,3,3,5,2,5,1,3,2,1,4,1,1,1,1,1,2,4,2,4,1,5,""
1,19,1,1,1,5,5,7,2,2,6,5,4,2,"Russie",2031,5,5,3,3,2,6,4,5,4,5,2,1,1,1,4,3,4,5,4,4,4,3,7,1,3,1,6,2,5,6,6,7,1,1,4,4,3,2,4,3,5,3,3,1,5,2,2,3,6,6,1,6,2,1,1,1,3,1,1,1,1,1,1,4,1,3,1,2,""
1,20,1,2,1,5,4,4,2,2,7,5,5,3,"je ne sais pas",2032,5,7,4,4,6,5,5,4,6,6,7,6,4,3,4,4,5,3,7,7,7,6,7,4,5,4,1,1,7,6,3,7,4,5,2,5,1,1,1,1,2,2,1,3,2,1,1,3,3,5,2,4,2,5,5,2,4,6,1,2,4,4,3,7,4,2,3,5,""
2,39,1,2,1,2,4,NA,2,2,5,6,2,1,"Guerre avec la Russie",2034,4,3,4,4,4,3,5,4,5,6,5,3,2,2,3,3,2,5,6,4,6,5,7,4,4,2,3,1,6,7,4,7,1,3,2,4,3,3,3,3,5,2,4,5,3,4,3,6,3,7,3,6,2,3,3,3,3,1,1,1,2,2,1,1,3,2,5,5,""
2,45,1,2,5,3,7,5,2,2,5,7,4,4,"La Russie",2044,4,5,3,2,3,5,5,2,7,5,3,3,4,3,5,6,6,6,5,5,5,5,7,5,2,2,4,1,5,5,4,7,3,5,6,4,2,1,1,1,4,2,3,1,1,3,1,1,3,5,3,6,4,6,4,4,4,2,2,2,1,4,4,5,6,5,6,7,""
2,23,1,2,1,5,6,7,2,1,4,7,1,2,"La Russie",2031,3,5,5,4,3,2,4,5,7,7,5,2,2,1,2,4,6,6,5,3,4,4,6,7,3,2,3,1,6,7,6,7,2,1,1,4,1,2,1,2,2,1,1,3,2,1,1,3,3,4,5,5,4,4,3,3,2,4,1,1,3,2,3,4,3,3,4,5,""
1,19,1,2,5,5,8,5,1,2,6,6,3,1,"russie",2046,5,5,5,2,3,4,3,5,5,4,1,1,1,1,4,3,4,5,6,5,6,6,7,2,3,2,4,1,6,6,5,7,4,3,4,6,4,2,2,2,1,3,4,2,4,1,2,3,3,5,2,6,2,1,2,1,3,3,1,1,1,2,2,4,2,2,2,5,""
1,24,1,2,1,4,3,3,2,2,5,6,2,3,"Une invasion russe des pays baltes",2039,5,6,4,4,4,5,4,6,4,7,5,3,2,3,3,3,2,4,5,5,5,4,7,1,4,1,4,2,5,6,6,7,3,1,2,3,3,4,4,1,5,1,4,3,4,5,2,3,3,6,1,4,1,3,1,1,5,1,1,1,3,1,1,7,1,2,3,5,""
2,19,1,2,2,4,3,4,2,2,5,6,2,3,"3ème guerre mondiale",2042,4,4,4,3,4,3,2,4,3,3,5,4,3,3,1,1,3,4,5,6,5,4,5,3,5,6,4,3,5,4,2,6,2,3,5,3,2,3,3,1,5,2,4,2,3,2,1,3,3,3,6,2,6,3,2,3,1,4,1,1,3,1,1,3,4,4,5,1,""
1,22,1,1,4,5,3,4,2,2,2,4,1,2,"La Russie",2031,6,7,6,4,5,2,5,3,7,5,4,3,4,3,2,6,5,4,6,5,5,6,6,6,5,4,2,1,7,5,2,7,1,1,3,3,1,2,3,1,2,2,1,1,4,1,3,2,3,6,6,3,2,5,3,5,4,2,1,2,3,3,2,5,3,5,4,4,""
1,30,1,2,1,5,5,7,2,2,5,4,4,2,"Russie",2032,4,4,4,4,6,6,6,4,7,7,6,2,4,2,3,4,5,4,6,4,7,3,5,1,6,4,2,3,4,2,4,6,2,1,3,2,1,3,1,1,3,3,2,1,1,2,2,1,3,3,7,3,4,5,3,3,4,2,2,2,4,3,3,5,4,2,4,4,""
2,18,0,2,1,2,3,3,2,2,4,2,4,1,"La Russie",2028,4,5,1,4,5,1,4,3,3,3,3,1,1,1,1,1,2,2,5,4,5,4,4,3,3,2,4,4,5,4,5,4,1,1,5,5,3,4,6,2,5,2,4,3,2,5,4,6,3,2,5,3,4,2,2,1,2,1,1,1,1,1,1,3,1,2,3,2,""
2,78,1,1,1,2,3,2,1,2,5,5,3,2,"Une invasion russe des pays baltes",2029,4,6,5,4,1,4,2,5,4,4,2,2,1,1,5,4,4,4,4,5,7,7,7,3,2,1,7,2,6,5,7,7,1,1,5,7,5,2,5,2,6,6,5,4,4,5,2,5,1,4,1,4,1,3,2,1,3,3,1,1,1,2,1,4,1,2,2,4,""
2,20,1,1,1,5,3,4,1,1,4,4,1,1,"Guerre avec la Russie",2032,6,7,4,6,6,4,7,6,4,6,7,4,3,3,6,5,6,5,7,7,6,7,6,4,4,2,4,2,7,7,3,7,2,3,4,5,1,1,1,1,1,1,1,1,1,4,2,1,3,3,4,4,4,4,4,4,4,2,2,4,4,4,3,5,4,2,3,3,""
1,67,1,2,1,3,NA,1,2,2,5,4,3,3,"Conflit Russie-Ukraine qui s'étend",2036,4,4,4,7,5,3,6,1,4,7,5,5,4,4,2,1,3,4,5,3,5,4,7,4,5,3,2,2,4,4,4,6,4,3,3,2,1,2,6,2,4,3,4,1,5,4,3,4,3,4,2,3,2,4,4,5,3,2,3,3,2,3,5,7,4,3,7,6,""
1,20,0,2,1,3,6,5,2,2,5,7,5,2,"Corée du Nord",2032,3,5,4,3,6,5,6,4,4,5,4,3,3,3,2,2,3,3,6,2,6,3,7,4,4,2,5,3,5,6,4,7,2,1,4,3,3,3,5,3,3,5,5,4,5,4,2,4,3,5,2,4,3,2,1,1,4,2,1,2,1,4,1,3,4,2,2,3,""
2,24,1,2,1,3,7,7,1,2,4,3,2,1,"Russie",2030,4,2,3,3,3,3,2,1,3,1,3,2,3,1,1,1,2,2,3,4,5,2,6,5,3,1,6,1,3,7,5,7,1,1,4,6,3,4,5,3,6,7,5,4,3,6,4,5,3,4,3,5,4,1,1,1,1,3,1,1,2,1,1,5,1,3,1,1,"Merci, ça fait réfléchir."
2,53,1,1,1,3,10,6,2,1,3,5,5,1,"Terrorisme",2031,4,4,3,5,5,1,6,2,5,5,5,4,4,3,4,5,6,5,6,5,5,5,6,4,6,4,1,5,5,5,4,5,2,4,5,4,2,3,4,2,2,1,1,2,2,3,1,1,1,3,5,5,5,4,4,5,2,5,1,2,2,4,4,6,3,3,6,4,""
2,24,0,1,1,3,5,5,2,3,6,5,3,1,"Russie",2054,4,4,5,4,5,2,4,1,3,4,6,5,3,3,3,3,3,3,6,4,4,3,5,5,7,4,2,2,4,4,2,7,2,6,4,6,3,2,4,2,3,2,3,1,3,4,2,5,3,2,5,3,3,3,3,3,3,6,1,5,3,1,3,4,2,1,4,4,""
1,22,1,2,2,5,6,4,2,2,3,4,1,1,"Serbie / Kosovo",2039,4,6,6,4,4,5,5,5,3,2,2,1,1,1,4,4,6,5,6,5,4,6,7,2,4,1,2,1,7,7,7,7,2,2,1,6,4,4,4,5,4,2,4,6,5,5,1,3,3,7,1,6,1,2,2,3,3,4,1,1,2,3,2,3,2,2,3,4,""
1,21,1,1,1,3,10,6,2,2,6,7,2,4,"Russie",2034,7,6,6,5,6,4,6,6,6,6,6,5,4,4,3,2,5,4,7,7,7,7,7,6,5,4,1,2,3,5,3,5,5,5,5,3,5,4,4,5,5,5,4,3,3,5,2,3,3,4,6,2,5,5,6,4,2,7,1,6,5,3,4,5,3,5,4,6,""
2,25,1,2,1,3,6,2,2,3,6,5,3,2,"Russie / OTAN",2044,5,6,4,5,5,1,5,3,4,5,5,4,2,3,4,4,5,6,6,4,5,4,5,5,6,5,3,2,5,4,4,7,3,4,6,5,4,2,6,1,5,3,5,2,3,4,2,5,3,4,6,2,4,5,4,3,1,3,1,3,1,1,3,5,6,3,4,4,""
2,26,1,1,1,3,NA,4,2,2,5,6,3,1,"La Russie",2041,6,6,4,5,3,3,4,3,5,5,2,4,2,2,5,5,4,5,6,6,5,6,6,3,5,3,5,1,6,5,4,7,1,1,6,3,1,2,1,1,1,1,3,1,2,1,1,2,3,4,5,2,3,3,4,3,7,3,1,2,1,2,3,5,2,5,4,4,""
1,27,1,1,2,5,3,4,1,1,3,3,3,1,"Russie",2037,2,4,2,2,5,4,4,2,5,3,3,1,1,1,2,2,3,5,3,2,5,4,7,3,3,1,4,1,6,7,3,7,2,1,2,6,2,2,2,1,2,1,2,3,4,2,1,1,3,6,3,5,1,3,2,2,3,3,1,1,2,2,2,5,3,3,1,2,""
1,29,1,2,5,3,4,3,2,2,5,6,3,3,"Chine - Taïwan",2031,5,5,5,3,4,3,2,4,5,5,5,3,5,2,2,3,5,4,6,3,5,6,5,3,7,2,3,5,4,3,4,7,1,3,3,5,1,1,2,1,3,1,2,1,1,1,1,2,3,4,2,4,2,3,3,3,5,2,1,2,2,2,2,5,4,3,2,3,""
2,52,1,1,1,3,2,5,2,2,2,4,1,2,"La Russie",2038,3,7,3,5,2,2,5,4,5,4,5,4,2,2,3,4,3,3,5,4,6,5,6,2,2,1,3,2,5,3,7,7,1,2,5,3,2,1,4,1,3,2,4,1,3,4,1,1,3,6,2,5,2,2,2,1,6,1,2,1,1,4,2,4,4,2,3,4,""
2,20,1,1,1,5,2,4,2,2,7,7,4,3,"russie",2028,5,5,6,3,4,1,4,4,5,5,7,5,7,4,3,3,3,4,5,5,5,6,7,6,5,3,4,3,6,4,5,5,3,4,3,5,1,1,1,1,2,1,1,1,1,1,1,1,3,4,4,4,4,4,6,4,5,3,3,3,1,4,4,4,2,5,4,6,""
1,25,1,2,3,4,4,4,2,2,6,7,3,2,"je ne sais pas",2028,7,7,7,4,5,6,3,7,3,6,5,4,3,1,5,3,4,7,7,7,7,6,7,1,3,1,7,1,4,6,6,7,4,3,3,7,4,4,3,2,5,4,5,4,5,3,3,1,3,7,3,5,2,3,3,3,3,3,1,3,2,3,2,4,2,3,4,4,""
1,20,1,2,1,5,6,5,2,2,5,7,3,4,"je ne sais pas",2037,6,4,5,3,4,6,1,5,2,3,3,2,2,2,4,4,6,5,5,4,5,6,5,2,4,3,6,2,6,6,6,7,3,3,5,4,3,3,3,3,4,3,3,3,4,3,3,3,3,6,3,5,2,4,3,3,3,2,1,1,1,3,3,5,3,2,4,3,""
2,36,1,2,1,5,5,5,1,3,6,7,3,1,"Conflit Russie-Ukraine qui s'étend",2028,5,5,1,2,4,3,1,1,4,5,4,2,2,2,3,2,3,4,5,4,6,4,6,5,1,3,4,1,7,5,5,7,3,2,4,3,2,2,2,1,3,2,4,2,4,2,2,2,3,3,3,4,2,2,1,1,3,1,1,1,1,1,1,4,2,1,1,4,"Je n'avais jamais vraiment pensé à tout ça."
2,73,1,2,1,3,4,5,2,2,3,5,1,1,"Guerre avec la Russie",2029,2,4,4,2,4,3,4,2,4,5,4,2,2,1,3,3,3,4,5,4,4,4,4,3,2,1,5,4,5,5,7,7,1,1,7,4,2,4,4,3,4,3,3,4,5,4,1,3,3,6,2,4,1,2,2,1,1,1,1,1,1,3,1,4,4,3,1,2,""
2,23,0,2,1,3,1,3,2,2,7,7,4,2,"Russie",2030,4,7,3,3,2,4,3,4,1,4,6,5,4,2,5,5,4,6,7,6,5,6,4,2,2,1,6,1,5,3,5,5,2,5,3,3,1,2,2,1,3,1,2,2,1,1,2,3,3,5,3,4,3,4,3,3,2,1,1,4,3,5,2,6,1,5,4,6,""
2,69,1,1,1,5,6,5,2,3,5,7,5,3,"3ème guerre mondiale",2029,4,6,4,7,5,4,6,3,6,7,6,6,4,3,3,4,5,6,6,7,7,5,7,4,5,3,2,2,7,7,3,6,3,3,3,7,1,1,2,1,1,1,3,2,1,1,1,1,3,6,5,5,2,4,5,4,5,3,2,4,4,6,5,7,3,5,4,6,""
2,68,1,2,1,5,6,NA,2,1,6,6,3,3,"Guerre avec la Russie",2030,3,5,1,4,1,5,1,2,3,3,4,3,1,2,1,2,3,4,4,1,3,3,6,3,2,3,6,1,6,5,6,7,1,1,5,5,4,1,4,2,5,2,2,4,4,4,2,3,3,6,4,7,2,3,2,3,2,1,1,2,1,3,2,2,1,2,1,3,""
2,18,1,2,1,4,8,5,2,3,5,6,3,1,"La Russie qui attaque un pays de l'OTAN",2032,5,6,6,3,4,4,4,3,7,5,3,1,1,1,4,4,3,5,5,5,5,4,7,4,2,1,4,1,6,4,4,7,1,2,4,5,3,3,4,2,5,1,2,5,4,3,4,4,3,6,3,5,2,2,1,2,2,2,1,2,1,3,1,4,3,2,1,2,""
2,42,1,1,2,5,1,1,2,2,3,4,2,2,"La Russie qui attaque un pays de l'OTAN",2032,7,7,7,4,5,5,4,7,5,7,4,2,2,1,2,4,4,6,7,7,7,6,6,3,2,1,7,3,5,3,7,7,1,2,4,5,2,1,1,1,4,1,2,2,1,2,1,2,3,2,4,5,6,3,3,2,4,1,3,1,5,4,3,6,2,4,2,4,""
2,24,1,1,1,4,4,9,2,2,4,3,2,2,"cyberguerre",2034,2,3,2,5,2,2,3,1,4,4,3,3,3,1,4,2,4,3,3,4,4,3,7,4,3,2,4,1,7,5,4,7,2,1,4,5,2,1,1,1,2,3,1,1,2,1,2,1,3,6,3,7,3,4,3,1,4,4,2,2,1,4,2,2,5,4,3,4,""
2,26,1,2,1,5,9,5,1,2,4,7,5,5,"Chine",2060,4,5,4,6,5,7,6,3,5,4,3,3,6,3,3,5,5,5,7,5,6,5,5,6,6,4,1,3,6,3,2,6,1,2,7,4,4,5,7,2,6,4,5,5,5,3,3,5,3,3,3,1,4,5,3,3,3,5,1,3,1,1,2,4,4,4,2,3,""
1,20,1,1,1,4,5,2,2,2,5,5,3,3,"je ne sais pas",NA,3,5,2,4,3,2,6,2,5,7,5,5,5,4,5,5,3,4,4,4,6,6,7,4,5,4,4,2,6,5,5,6,4,5,6,5,1,1,3,1,1,1,3,1,1,3,1,2,3,4,5,1,4,5,4,4,4,3,3,3,2,3,3,5,5,5,2,6,""
2,49,1,1,1,3,8,4,2,1,5,6,5,1,"Russie / OTAN",2030,4,4,2,2,3,5,3,3,3,4,2,3,1,1,3,3,4,3,4,2,4,2,5,3,4,2,4,3,6,6,4,7,2,1,5,4,3,5,4,4,5,4,5,3,5,5,3,4,3,7,2,5,2,2,1,2,1,4,1,1,1,1,1,2,3,2,1,3,""
2,54,1,1,1,5,6,1,2,2,4,6,4,3,"La Russie",2030,4,2,4,4,3,2,4,1,7,5,5,2,4,1,3,3,3,5,4,4,3,4,6,5,6,5,1,3,5,7,3,7,3,2,4,6,4,3,2,2,5,3,4,3,3,4,3,4,3,4,4,3,3,3,2,2,2,5,1,3,1,3,2,5,3,2,3,3,"Un peu long."
1,50,1,2,1,6,5,5,3,2,5,5,4,1,"La Russie",2033,1,4,2,2,5,2,4,4,4,4,4,3,2,1,2,3,3,4,5,3,4,3,7,4,4,1,3,2,7,5,5,7,1,2,4,5,3,3,4,3,4,2,3,4,3,4,1,3,3,4,4,3,4,1,1,2,1,3,1,1,2,1,1,1,3,2,3,4,""
2,24,1,1,1,5,7,1,1,2,4,5,2,2,"Une invasion russe des pays baltes",2032,4,4,4,4,4,4,3,4,5,4,6,2,1,1,3,4,5,5,4,4,4,4,7,1,3,1,5,1,5,6,7,7,1,1,4,1,2,2,1,1,3,3,3,1,3,2,1,2,3,5,2,6,3,2,3,2,4,2,1,1,2,3,1,5,4,2,3,5,"Questionnaire intéressant mais un peu angoissant."
1,27,1,1,2,1,1,4,2,1,5,5,4,3,"Guerre avec la Russie",2036,5,6,4,4,7,5,5,5,3,6,5,6,5,5,6,3,4,7,7,5,5,4,4,6,3,2,3,2,4,6,4,5,3,4,1,3,1,1,1,1,1,1,1,1,1,1,1,1,3,4,3,4,5,4,6,5,6,3,3,3,5,4,3,7,5,5,5,6,""
1,31,1,2,2,5,4,4,2,2,7,5,3,3,"russie",2030,6,5,5,7,3,4,4,2,5,7,7,6,4,4,4,4,7,6,7,5,6,6,5,3,5,4,2,1,4,2,4,7,4,3,4,5,2,2,2,1,2,3,3,1,1,1,3,2,3,4,4,1,5,5,5,5,4,4,1,3,3,3,4,7,4,6,4,7,""
1,37,1,1,1,4,6,7,2,2,5,7,5,1,"Corée du Nord",2034,5,7,6,6,4,2,5,5,6,7,7,4,2,4,4,5,7,6,6,6,6,6,6,5,7,4,2,1,6,4,4,5,2,4,2,4,2,1,2,2,4,2,4,1,2,3,1,2,3,3,4,4,7,6,6,4,4,3,2,4,2,4,4,5,3,6,5,7,""
1,19,1,2,1,5,8,3,2,2,3,3,1,1,"cyberguerre",2029,7,7,7,5,6,2,5,7,4,6,4,3,2,3,4,5,6,7,7,7,7,7,6,3,4,2,4,3,5,2,7,6,1,2,5,4,2,3,4,1,3,1,2,4,2,1,2,4,3,4,3,6,1,4,3,3,4,2,1,3,2,4,2,4,4,4,3,6,""
2,55,1,1,1,5,7,6,2,2,6,6,5,4,"La Russie qui attaque un pays de l'OTAN",2046,5,6,3,5,5,5,3,5,4,3,3,1,2,1,6,5,6,4,6,6,5,6,4,2,3,1,4,4,7,4,6,5,2,1,2,4,2,2,2,1,4,1,5,2,2,4,4,4,3,3,2,3,2,1,3,2,3,2,1,1,1,1,3,4,2,2,1,3,""
2,38,1,2,1,4,5,6,2,3,5,7,1,3,"Russie",2045,2,6,5,3,6,1,4,4,4,4,4,2,4,1,2,1,2,2,5,4,5,7,7,3,3,1,4,1,7,7,5,6,1,2,5,3,3,4,3,4,5,4,4,5,5,4,4,5,3,4,1,5,2,2,1,1,1,1,1,1,1,2,2,2,3,2,1,3,""
1,19,1,2,1,4,7,2,2,2,3,5,1,5,"Chine",2039,5,4,5,3,4,2,3,3,3,2,2,2,3,1,4,4,4,4,5,4,3,3,6,2,4,2,6,2,5,6,5,7,1,2,3,3,1,3,4,2,3,3,3,4,3,6,2,5,3,6,2,4,3,2,1,1,3,2,1,1,3,1,1,2,2,1,2,2,""
1,20,1,1,1,5,5,4,1,2,6,5,3,1,"russie",2034,4,7,4,3,3,1,4,6,5,5,2,3,3,2,5,3,4,3,6,4,5,3,6,1,1,1,5,1,7,6,7,7,1,2,4,4,1,2,1,1,2,1,2,1,1,1,1,1,3,6,1,6,1,3,3,4,4,2,1,1,3,5,3,6,6,2,3,5,""
2,38,1,2,1,1,3,3,2,2,4,5,5,3,"Troisième guerre mondiale",2029,5,5,5,6,7,3,4,2,3,4,5,5,4,3,3,4,6,4,7,6,4,5,6,4,3,1,3,1,6,3,3,5,4,2,2,4,3,1,1,1,2,2,2,2,2,3,1,2,3,4,4,2,5,6,4,4,5,4,3,1,2,4,5,5,5,3,3,7,""
1,31,1,2,1,4,5,3,2,2,4,3,2,1,"je ne sais pas",2033,4,4,4,2,4,3,5,5,1,3,4,2,3,1,2,3,3,3,4,2,3,4,5,2,4,1,4,2,6,7,5,6,1,1,5,3,3,6,5,3,6,2,4,2,4,1,3,6,3,4,1,4,2,1,1,1,2,2,1,2,1,1,1,5,1,3,2,2,""
1,25,1,2,1,3,5,6,2,3,6,6,2,1,"La Russie",2043,5,4,3,3,3,5,4,4,4,7,3,2,4,2,3,5,4,7,6,5,5,5,6,3,5,3,6,1,7,7,6,7,1,1,3,3,1,2,1,1,2,1,2,1,1,1,1,1,3,4,2,5,2,3,3,3,3,4,2,1,5,5,3,7,3,4,3,3,""
2,38,1,1,3,3,6,2,2,2,4,4,1,2,"Russie / OTAN",NA,3,3,5,2,5,2,3,2,3,4,2,1,1,1,6,3,4,5,4,5,5,3,7,4,3,2,3,1,7,7,5,7,1,1,2,5,2,2,3,3,2,2,2,2,5,3,2,3,3,7,1,7,1,1,1,1,3,2,1,1,2,3,1,3,2,2,1,1,"Je n'avais jamais vraiment pensé à tout ça."
2,74,1,2,1,4,4,6,2,2,5,6,2,3,"Russie / OTAN",NA,6,7,4,5,5,7,5,4,6,4,6,7,4,4,5,5,6,6,7,7,7,7,4,7,5,3,3,3,4,4,5,6,3,4,3,5,1,1,3,1,4,1,1,1,1,1,2,1,3,3,7,2,4,4,5,4,6,3,3,3,6,4,5,5,2,3,4,6,""
1,18,1,2,4,4,6,3,2,2,6,5,1,1,"Serbie / Kosovo",2036,3,6,4,5,6,4,2,4,3,6,3,3,1,1,2,2,4,3,5,5,7,4,6,1,4,2,5,1,7,5,7,7,1,2,1,3,6,4,7,4,7,4,5,4,7,4,3,3,3,7,3,4,2,3,2,2,2,1,1,2,1,4,1,5,2,2,2,3,"Un peu long."
2,21,1,2,1,4,9,5,1,2,4,4,5,1,"Russie",2034,4,5,4,6,3,2,5,4,4,5,4,2,3,1,3,2,3,4,5,5,4,7,5,3,5,2,4,2,6,6,5,7,1,1,6,6,2,4,4,2,3,2,3,2,4,5,3,4,3,5,1,4,2,2,2,1,2,4,1,1,1,3,1,6,1,1,1,3,""
2,18,1,2,1,5,1,7,2,2,6,5,3,1,"Guerre avec la Russie",2029,6,6,4,4,6,4,7,4,7,6,6,4,6,4,3,6,5,5,7,7,6,6,5,6,4,2,3,4,4,6,4,7,3,3,4,4,2,1,4,1,1,2,2,1,1,1,2,3,3,5,1,1,2,4,5,5,3,2,1,3,3,5,3,5,2,3,4,5,""
2,24,1,1,1,4,6,5,2,2,5,7,3,2,"je ne sais pas",2033,1,2,2,2,2,1,5,1,5,6,5,3,3,2,2,2,3,2,3,1,4,4,7,3,5,4,3,1,6,5,6,7,1,3,3,4,2,4,3,4,6,4,4,2,5,4,4,3,3,6,2,5,2,4,2,3,3,1,2,1,2,4,3,5,5,3,3,7,""
2,22,1,1,2,5,4,3,2,2,5,4,1,3,"Russie",2030,5,6,5,5,2,2,5,4,4,6,3,3,3,1,1,1,2,2,5,4,5,4,5,1,1,1,5,2,6,5,6,7,1,1,2,7,1,1,2,1,3,2,2,1,2,1,1,2,3,5,4,3,4,2,3,2,2,3,1,1,4,1,1,7,4,2,1,5,""
3,37,0,2,2,4,4,6,2,2,3,3,1,1,"Troisième guerre mondiale",NA,4,4,4,5,6,5,4,5,4,4,3,2,1,1,2,6,4,3,6,5,5,6,6,3,2,1,3,3,5,5,6,7,1,1,2,3,1,3,4,3,3,3,3,1,2,3,1,3,3,4,4,5,2,2,2,2,1,1,2,1,3,3,1,5,2,2,1,3,"Merci, ça fait réfléchir."
2,26,1,2,1,4,1,3,2,1,5,5,2,1,"La Russie",2036,4,5,4,2,4,2,2,2,4,6,6,3,3,1,4,4,3,5,4,3,7,5,6,3,4,1,5,1,4,6,7,7,1,1,6,6,2,1,3,1,1,1,2,2,2,5,1,3,3,6,4,5,5,3,3,2,4,1,1,2,2,2,1,6,1,4,4,4,""
2,28,1,2,5,4,4,7,2,2,2,2,1,1,"Russie / OTAN",2039,4,3,2,5,5,4,5,5,4,5,4,1,4,1,2,3,1,4,4,4,3,3,2,4,7,3,4,3,4,6,3,7,1,3,5,6,4,5,4,4,5,2,4,5,6,4,3,5,3,1,7,1,4,3,3,3,1,4,1,1,1,1,2,6,3,3,2,5,""
1,19,1,1,1,4,6,6,2,2,5,7,5,4,"Moyen-Orient",2036,6,5,3,5,4,4,3,2,3,5,5,5,6,4,5,3,7,4,6,4,6,5,7,2,3,4,4,1,4,5,5,6,3,3,5,4,1,2,2,3,2,1,2,1,1,1,1,1,3,4,4,4,2,5,4,6,5,3,1,4,4,4,5,3,5,3,4,6,""
2,24,1,2,1,5,2,5,2,2,7,7,4,2,"Une invasion russe des pays baltes",2031,3,4,4,6,1,2,3,3,5,5,5,1,3,1,3,4,4,4,5,4,5,4,5,2,3,3,5,1,5,5,6,7,2,2,4,5,1,1,3,1,2,1,1,1,1,1,1,2,3,5,3,5,2,3,3,3,4,1,1,2,3,3,3,4,2,1,2,5,""
1,25,1,2,1,3,9,NA,2,2,3,5,1,1,"Russie",2031,4,7,4,7,7,1,4,4,7,7,7,4,6,4,4,4,6,4,6,6,6,6,5,3,6,3,1,1,4,4,4,6,1,2,2,4,1,1,1,1,2,1,2,1,1,2,1,1,2,1,4,2,5,5,4,4,4,4,2,2,7,4,4,6,4,5,3,4,""
2,26,1,2,1,5,3,4,2,2,6,4,3,1,"La Russie qui attaque un pays de l'OTAN",2032,4,4,4,2,3,5,1,3,2,5,3,1,4,1,2,3,2,3,5,3,4,5,4,2,4,1,6,2,3,2,7,6,1,1,3,6,3,3,6,2,6,2,5,3,4,4,2,4,2,4,3,4,3,1,1,1,2,2,1,1,1,1,2,6,3,1,1,3,""
1,21,1,2,1,5,0,2,2,2,7,4,3,3,"Une invasion russe des pays baltes",2036,3,3,2,3,4,3,2,2,6,6,3,2,3,3,2,4,6,4,1,3,4,3,6,3,5,2,5,2,5,5,5,7,2,2,2,4,2,1,4,1,4,1,2,1,3,4,2,2,3,6,2,4,3,2,1,4,2,1,1,2,1,1,2,7,1,3,4,5,""
1,22,1,2,1,5,5,7,3,2,3,4,1,1,"Troisième guerre mondiale",2044,3,5,5,5,4,3,3,4,5,5,3,3,3,1,3,3,4,5,6,5,5,5,5,4,5,5,2,3,5,2,4,5,1,1,2,4,2,2,3,3,4,2,1,2,4,3,2,3,5,3,6,3,5,2,3,1,2,4,1,1,2,2,1,5,2,1,2,3,""
1,25,1,2,4,3,10,5,2,2,4,5,4,2,"Troisième guerre mondiale",2033,3,5,5,1,6,4,2,3,4,7,4,2,3,2,2,2,4,5,6,4,6,5,6,2,3,2,5,1,5,6,5,5,2,2,2,4,4,5,4,5,6,4,6,5,5,6,2,5,3,5,4,6,2,2,1,3,1,5,1,3,3,2,1,4,2,3,2,3,""
1,26,1,1,1,5,8,3,2,2,2,6,2,3,"Serbie / Kosovo",2035,4,3,3,3,3,4,1,4,2,4,4,2,2,1,3,3,4,6,2,5,1,3,5,5,3,3,3,3,2,5,4,7,2,1,2,4,4,4,5,2,4,3,3,5,3,5,4,3,3,3,3,3,3,1,1,1,3,2,1,1,2,2,1,6,2,1,2,2,"Un peu long."
2,26,0,2,1,5,8,4,2,1,4,6,3,2,"Conflit Russie-Ukraine qui s'étend",2031,5,7,5,6,4,3,5,5,3,7,6,4,5,4,3,3,4,4,7,5,6,6,3,5,7,3,2,5,3,3,3,3,2,3,6,4,4,3,5,3,5,3,5,3,4,3,2,5,3,2,5,2,5,7,4,3,5,4,1,2,2,2,4,6,1,5,4,6,""
2,18,1,2,1,5,7,3,2,1,2,6,2,3,"Israël / Iran",2034,4,6,5,4,7,4,5,3,6,3,4,5,3,5,7,5,5,6,7,6,7,7,6,4,5,4,4,5,3,5,4,5,4,2,4,5,1,1,1,1,1,1,2,1,1,1,2,2,4,4,6,3,3,4,5,5,6,5,1,1,3,2,4,4,3,5,4,5,"Un peu long."
2,22,1,1,5,3,6,5,2,2,5,5,4,1,"Russie / OTAN",2033,6,4,3,4,4,2,5,3,6,3,6,3,3,2,4,3,3,5,5,3,4,4,7,6,6,2,3,5,4,5,4,6,1,4,4,3,3,2,5,2,3,2,4,5,5,3,2,3,3,3,2,3,3,4,2,3,3,3,1,3,2,1,2,6,5,4,2,4,""
3,19,1,2,1,5,4,3,2,1,7,7,3,4,"La Russie qui attaque un pays de l'OTAN",2039,6,6,6,2,6,5,7,4,6,7,7,5,5,5,3,3,4,5,7,5,6,6,6,5,6,4,4,2,5,5,4,7,3,5,1,5,1,1,2,1,4,2,2,1,2,2,1,1,3,4,6,4,5,5,5,5,4,5,2,5,3,3,5,4,5,4,5,6,"Je n'avais jamais vraiment pensé à tout ça."
1,20,1,2,1,4,2,5,2,3,5,6,2,5,"La Russie",2033,7,7,5,4,4,4,6,4,5,4,7,3,4,4,4,5,5,5,7,5,5,6,7,4,2,1,5,2,5,6,6,5,2,4,4,4,1,3,1,1,4,4,2,1,3,1,1,3,3,4,4,2,2,5,6,3,4,1,1,2,3,2,3,6,4,4,4,5,""
1,26,1,2,1,4,1,4,2,3,5,5,4,1,"Chine",2028,3,4,3,3,4,2,1,2,1,2,2,1,1,1,2,4,3,3,4,5,4,5,6,1,1,2,5,2,4,3,6,5,1,1,5,2,1,4,4,2,2,3,5,5,4,4,4,4,3,5,3,4,3,1,1,1,3,1,1,1,1,3,1,3,1,3,3,2,""
1,23,1,2,1,5,3,2,2,2,6,7,5,2,"3ème guerre mondiale",2031,6,6,5,4,3,4,3,2,4,7,4,2,2,1,5,5,7,5,6,5,5,5,7,1,3,1,7,1,7,7,7,7,2,2,5,4,3,1,3,1,2,2,3,1,3,4,1,2,3,7,2,7,1,3,3,2,4,1,1,1,1,5,2,6,3,4,2,5,""
2,30,1,2,1,3,1,4,2,2,5,6,4,5,"je ne sais pas",2028,6,7,7,4,7,6,6,7,4,7,5,6,6,4,5,4,5,5,7,7,7,7,7,4,5,3,5,1,7,7,5,7,4,4,3,4,1,1,2,1,1,1,2,1,1,1,1,1,3,7,1,4,3,5,4,5,7,4,7,2,4,5,5,7,4,5,5,6,""
1,25,1,1,3,1,3,3,1,2,5,7,3,4,"Troisième guerre mondiale",2035,6,6,6,5,4,6,3,5,3,6,5,4,4,3,5,3,4,5,7,5,7,6,7,2,2,1,4,1,7,5,5,7,2,3,3,6,2,1,4,1,1,3,2,3,2,3,1,3,3,5,2,6,2,4,6,4,6,2,1,4,4,5,3,5,4,4,3,4,""
1,20,1,2,4,5,6,5,2,2,6,5,3,2,"Russie",2052,5,6,5,3,4,5,4,4,6,5,4,4,5,3,7,4,5,6,7,5,5,5,4,5,3,3,3,1,4,3,5,7,3,3,7,4,2,3,4,2,1,2,2,2,2,3,3,2,3,3,4,1,4,4,4,5,6,5,2,4,3,3,5,4,4,4,4,4,""
1,23,1,2,1,5,3,5,2,2,3,3,2,1,"La Russie",2035,5,3,4,4,2,4,4,4,2,3,4,2,1,1,2,2,4,4,2,4,3,4,7,3,1,1,5,3,6,7,6,7,1,1,4,5,3,3,4,3,5,2,3,4,2,3,2,2,3,6,1,7,3,1,1,1,3,2,1,1,2,2,1,4,1,2,1,3,""
2,20,1,2,1,5,2,7,2,2,7,7,4,1,"Aucun",2030,7,7,7,6,6,6,4,6,5,5,4,4,6,3,5,7,6,7,7,6,7,7,5,1,3,1,6,2,5,6,6,7,5,3,3,7,1,2,4,1,2,1,1,2,1,2,1,2,3,5,2,6,1,4,5,4,5,1,1,3,4,4,4,6,2,4,3,7,""
1,41,1,1,1,6,3,4,2,2,3,5,4,3,"Aucun",2053,3,5,3,3,4,2,5,3,4,6,3,3,2,2,2,4,3,4,5,3,4,4,4,2,5,3,4,5,3,3,4,6,2,1,2,4,1,1,4,3,4,3,3,3,3,3,3,6,3,3,5,3,4,3,2,2,1,1,1,2,1,2,3,5,4,4,3,3,"Un peu long."
2,49,1,1,1,5,2,2,2,2,6,7,5,3,"Russie",2034,6,3,3,5,2,3,3,2,3,5,6,2,3,1,5,6,7,4,5,5,6,4,5,2,3,1,5,2,4,5,7,6,3,3,2,5,3,2,2,2,3,1,4,1,3,3,4,2,3,5,3,5,3,2,2,2,3,1,1,2,5,3,1,5,1,1,2,3,""
2,25,1,2,5,4,7,NA,3,2,5,7,5,4,"La Russie",2047,2,3,4,3,3,4,3,3,6,4,5,2,3,2,2,4,4,2,5,4,4,6,7,1,2,1,6,3,7,7,4,6,1,4,3,4,3,1,3,3,2,3,3,2,3,2,3,2,3,4,2,4,4,3,2,3,3,4,1,3,3,3,1,5,4,3,3,4,""
2,20,1,2,1,5,2,6,1,2,7,4,3,2,"3ème guerre mondiale",2032,2,4,2,2,4,3,4,1,3,4,3,1,2,1,4,3,5,4,5,4,4,5,7,1,5,1,6,1,7,7,7,7,1,2,4,4,1,1,2,1,3,1,2,1,1,1,2,2,3,7,1,5,1,3,2,2,3,1,1,3,2,4,2,2,4,2,4,4,""
1,18,1,1,2,4,5,4,2,2,7,5,4,3,"La Russie",NA,4,6,4,6,5,3,4,5,6,7,5,5,5,4,5,5,7,5,7,4,6,7,3,4,4,3,1,3,4,3,6,5,3,3,4,7,1,2,3,2,4,1,3,3,2,3,3,2,3,2,5,2,5,6,6,5,6,2,2,3,5,6,5,6,5,3,4,6,""
1,58,1,1,1,5,6,5,2,2,5,7,4,3,"Chine",2032,6,7,6,6,7,4,5,5,4,6,4,3,2,1,1,2,4,3,7,4,6,7,7,3,4,1,5,1,7,7,6,7,3,3,5,5,1,2,1,1,2,1,1,1,2,4,1,2,3,7,1,7,1,3,3,2,3,1,2,1,3,4,2,7,2,2,2,3,""
1,22,0,2,1,4,7,4,2,2,4,6,5,2,"La Russie",2051,5,4,5,5,5,3,3,2,7,6,6,4,4,2,2,3,4,3,6,5,5,5,5,4,3,3,2,1,7,6,5,7,4,3,4,7,3,2,4,1,2,1,4,2,1,2,2,2,3,5,3,3,2,4,3,3,3,1,2,1,3,2,3,6,2,2,3,5,""
2,35,1,2,1,5,9,5,2,2,6,5,3,3,"La Russie",2043,4,7,4,6,5,5,4,5,5,5,4,3,5,4,3,4,5,7,6,6,4,5,6,4,4,3,3,1,4,6,6,6,2,4,4,7,2,3,5,1,5,1,2,4,1,2,1,5,3,3,3,4,3,6,4,7,2,3,1,2,4,3,4,3,3,5,4,5,""
1,25,1,2,1,5,1,5,2,2,6,7,4,2,"Iran",2037,3,6,3,4,6,1,6,2,5,5,7,6,6,3,5,3,4,3,4,4,4,6,6,7,6,3,2,3,5,5,3,4,4,4,2,5,1,1,5,1,5,1,2,2,3,3,1,2,3,2,5,2,5,6,4,5,1,2,3,3,4,2,5,6,5,4,4,6,""
2,77,1,2,4,5,7,4,3,2,3,3,1,1,"russie",2060,3,4,2,2,2,3,4,1,1,4,1,2,3,1,3,1,2,1,2,2,2,1,6,5,6,3,4,2,4,5,5,7,1,1,6,2,4,2,5,3,5,3,5,3,4,3,3,4,3,6,2,4,3,1,1,1,2,2,1,1,4,1,1,5,1,3,2,2,""
2,51,1,1,1,2,4,NA,2,2,2,2,1,3,"Corée du Nord",2031,3,3,3,4,1,2,2,2,6,7,4,3,3,1,3,1,3,3,3,2,4,3,7,5,5,4,3,1,6,5,3,7,1,2,6,4,3,4,3,6,2,5,3,5,2,3,1,3,7,2,4,3,4,2,1,1,3,3,1,2,3,1,1,7,1,1,2,3,""
2,25,1,2,1,1,5,2,2,2,6,5,2,2,"Troisième guerre mondiale",2031,4,7,6,4,6,3,5,3,5,5,5,4,3,4,6,4,5,5,5,5,6,4,7,4,6,5,3,1,7,5,3,7,3,3,3,4,3,2,1,1,4,1,1,4,1,2,2,3,3,5,2,6,2,4,3,3,3,3,1,1,2,4,3,4,2,3,4,4,"Un peu long."
2,27,1,2,1,6,8,3,2,2,4,5,4,5,"Russie",2038,5,4,4,6,5,4,4,5,6,4,5,3,1,1,3,1,4,4,5,4,6,5,5,1,3,1,5,2,4,6,7,6,1,1,6,2,3,2,2,2,4,3,3,2,3,3,1,2,3,6,3,4,4,1,1,1,3,3,2,1,4,1,1,5,1,1,1,4,""
2,22,0,2,1,4,4,5,2,2,2,4,2,3,"Biélorussie",2033,4,5,4,3,3,3,3,5,5,7,5,5,5,3,3,3,5,5,7,4,5,5,6,4,4,2,5,4,3,6,6,7,1,3,3,2,4,4,3,3,5,1,4,4,3,5,3,7,3,3,2,5,4,4,4,3,3,2,1,2,1,2,4,6,3,5,4,5,""
1,51,1,1,1,5,6,8,2,2,4,5,2,2,"Une invasion russe des pays baltes",2035,4,5,6,4,5,4,4,4,7,3,4,5,4,4,2,3,2,4,5,5,5,5,6,5,5,5,3,1,7,6,1,7,4,4,5,7,1,1,1,1,3,1,1,2,2,1,1,2,3,5,4,6,4,4,4,5,4,3,3,1,3,4,4,4,6,3,4,5,""
2,70,1,1,1,5,5,5,2,3,4,6,4,2,"cyberguerre",2030,6,7,6,4,6,4,4,5,4,5,6,5,3,4,4,7,7,6,7,6,6,7,7,3,5,2,4,1,4,4,4,7,3,4,7,4,1,1,2,1,2,1,1,1,1,1,1,1,3,4,2,5,3,4,5,4,5,2,2,4,3,5,4,4,4,3,3,6,""
1,19,1,2,1,5,4,2,2,1,4,3,2,1,"Guerre avec la Russie",2032,5,5,7,3,5,7,5,4,6,3,2,2,2,1,4,3,3,4,6,5,6,6,6,1,2,1,6,1,6,4,7,7,1,1,4,3,1,2,3,2,5,2,5,1,3,3,1,3,3,6,1,5,2,2,1,1,3,1,1,1,2,3,2,2,2,1,2,2,""
2,47,0,2,2,5,8,5,2,3,2,3,3,2,"russie",2036,4,5,3,6,6,2,4,1,4,5,5,6,6,5,2,4,5,4,7,3,6,6,4,6,5,7,1,2,4,4,2,4,3,3,2,6,2,1,1,1,1,1,2,2,2,1,1,2,3,2,6,2,5,5,5,6,4,5,4,3,1,3,5,6,5,4,5,6,""
2,26,1,1,4,5,5,3,2,2,3,3,2,1,"Russie",2065,6,7,6,4,6,5,4,6,3,7,5,4,4,3,5,6,6,6,7,6,6,7,5,2,4,1,5,1,6,4,6,6,3,3,4,5,1,3,2,1,1,2,1,3,4,3,2,1,3,4,2,5,2,6,5,3,5,1,1,3,3,4,3,6,4,7,3,7,""
2,22,1,2,1,3,5,3,2,2,3,4,2,1,"3ème guerre mondiale",2034,5,6,7,4,5,4,4,6,6,4,4,3,1,1,3,5,5,5,6,7,7,7,7,2,1,1,5,1,7,6,6,7,1,1,3,5,1,1,3,1,2,1,3,2,2,1,1,4,3,5,1,7,1,2,2,1,4,2,2,3,2,2,1,7,3,3,1,4,""
2,22,1,2,4,5,6,5,1,2,7,6,4,4,"La Russie",2035,4,5,5,5,3,3,4,3,7,4,6,4,3,1,3,5,5,6,5,5,5,3,6,6,5,3,2,3,4,4,5,6,3,2,6,1,2,3,5,3,6,4,6,3,3,6,2,4,3,4,5,2,5,4,3,3,1,3,1,1,2,1,2,4,5,3,4,5,""
2,18,1,2,1,5,7,5,2,3,3,3,1,1,"Iran",2047,4,3,5,3,6,3,5,2,2,6,4,2,4,3,2,2,3,4,5,2,4,4,3,4,4,5,4,3,2,6,5,7,1,2,1,6,1,1,3,2,1,1,2,2,3,2,2,2,7,4,3,3,2,3,2,1,2,4,1,1,2,1,3,6,1,5,1,5,""
2,18,0,1,1,5,3,5,2,2,5,5,2,2,"Russie",2051,3,6,5,1,4,3,4,5,2,6,4,1,4,2,3,4,4,6,7,5,7,7,7,4,3,2,2,3,7,3,4,7,1,1,3,5,1,1,2,1,3,1,2,2,4,2,2,1,2,4,3,4,2,3,2,2,4,2,1,1,1,4,2,5,1,5,1,4,""
2,22,1,2,1,5,7,4,2,2,3,3,4,1,"Aucun",2033,1,3,2,2,5,4,3,1,3,4,1,1,1,1,3,2,3,3,4,3,3,4,7,3,1,1,4,2,7,7,4,6,1,1,5,2,5,5,6,3,6,5,6,3,5,6,3,6,3,5,3,6,1,1,1,1,2,1,1,1,1,1,2,2,1,3,1,2,""
2,21,1,1,1,4,NA,3,2,2,4,5,4,2,"Iran",2030,6,5,7,2,3,5,4,5,5,3,3,2,2,1,4,4,5,5,5,5,6,5,7,1,1,1,5,1,7,5,7,7,1,1,3,5,2,2,3,1,3,1,3,4,3,2,1,1,3,6,1,6,1,2,1,2,3,1,1,1,3,3,1,3,1,1,2,4,""
2,26,1,2,5,4,3,6,2,3,5,7,3,3,"Une invasion russe des pays baltes",2044,7,5,6,5,3,7,5,5,6,5,4,3,5,3,4,5,7,5,7,6,7,7,7,1,4,2,5,1,5,7,5,6,2,3,5,2,1,1,1,1,2,1,2,1,1,1,1,1,3,5,2,6,3,6,5,4,4,4,3,2,4,5,3,5,4,5,3,5,""
2,43,1,2,1,5,0,3,2,2,5,4,1,2,"une guerre nucléaire",2034,7,7,7,6,4,6,4,2,7,4,5,1,3,2,4,3,5,5,6,6,5,7,6,3,5,1,5,4,5,5,3,5,1,3,2,5,4,4,2,1,6,5,3,2,3,4,3,5,3,1,4,1,4,3,3,3,2,5,1,2,3,4,2,4,3,4,2,3,""
2,21,0,1,1,5,5,2,2,1,6,6,4,4,"La Russie",2056,3,2,3,1,3,2,2,2,5,6,5,2,2,3,5,5,5,4,4,2,3,4,5,3,5,1,2,3,4,5,5,6,1,2,3,3,1,2,2,2,4,2,5,3,1,3,1,3,3,5,4,3,4,3,1,2,2,3,1,1,1,3,1,3,3,3,1,3,""
2,18,1,2,4,5,6,5,2,2,3,6,3,1,"Russie",2033,5,4,4,6,7,1,3,4,7,7,5,6,5,3,4,4,4,5,7,5,5,5,5,3,4,1,4,2,5,5,5,6,3,4,6,5,1,1,5,2,3,1,2,1,1,3,1,2,3,2,3,3,4,4,4,3,3,2,2,1,1,1,3,5,5,2,3,5,""
2,44,1,2,1,4,4,4,2,2,4,6,3,1,"russie",2040,5,7,6,5,5,6,4,4,5,6,5,4,3,2,2,6,5,6,6,6,7,5,5,4,3,3,5,2,5,3,4,7,3,4,5,4,1,1,3,1,2,1,2,1,1,2,1,3,3,5,3,5,5,3,4,3,4,3,2,3,2,4,4,4,2,3,3,4,""
2,20,1,2,1,5,7,5,2,2,4,5,3,4,"je ne sais pas",2033,5,5,5,4,4,3,5,3,5,6,6,4,5,2,2,2,4,5,7,4,6,5,5,4,5,4,4,3,3,4,5,6,3,1,2,3,1,2,2,1,3,1,4,1,3,3,2,4,3,2,4,2,5,3,3,4,6,4,1,1,2,2,3,7,2,1,1,5,""
2,25,1,1,1,3,6,6,2,3,6,5,5,1,"Guerre avec la Russie",2038,4,4,3,1,1,3,3,3,3,6,4,3,4,2,3,3,3,7,6,3,4,4,5,2,6,3,4,2,4,5,5,5,1,4,5,6,2,4,4,1,2,3,4,4,3,4,4,3,3,4,2,4,4,4,3,4,2,1,2,3,1,2,2,6,3,3,5,5,""
1,23,1,1,1,5,5,5,2,2,3,4,1,1,"La Russie",2034,3,5,5,4,3,3,3,3,5,3,2,1,1,1,1,1,1,3,4,4,1,5,4,3,1,1,4,2,6,3,6,7,1,1,4,4,3,5,4,2,3,2,4,3,3,3,2,3,5,3,4,4,3,1,1,1,3,2,1,1,1,3,1,3,1,1,2,1,""
2,20,1,1,1,4,9,5,1,2,2,4,1,1,"Russie",NA,5,6,6,4,5,5,5,4,5,3,3,3,3,1,3,2,2,1,7,5,4,6,5,4,5,2,3,2,5,6,5,7,1,2,5,6,4,6,4,3,7,5,6,6,5,5,2,5,3,4,5,3,3,3,2,2,3,2,1,1,1,1,1,4,3,2,4,5,""
2,18,1,1,1,3,2,3,2,3,4,3,2,1,"La Russie",2033,5,6,4,3,4,5,3,3,3,4,3,3,3,1,2,2,3,3,6,5,4,5,7,1,2,1,5,1,7,7,7,7,1,2,5,5,1,3,4,1,1,1,3,1,3,2,2,1,3,7,1,7,1,2,2,1,3,2,1,1,1,4,2,7,1,3,2,3,""
2,21,1,2,1,5,6,6,2,2,5,5,3,3,"Israël / Iran",2035,3,5,5,2,2,5,5,4,2,2,3,2,4,2,1,4,5,4,4,5,5,4,7,2,1,2,5,1,7,7,7,7,2,2,5,5,3,2,4,3,6,2,3,4,5,3,3,4,3,7,1,6,1,1,1,1,1,3,1,1,1,3,1,3,2,3,1,1,""
2,18,1,2,4,5,7,4,2,2,6,2,2,4,"La Russie",2038,6,7,6,4,7,5,5,6,2,6,5,3,4,3,3,5,5,4,6,7,7,7,6,2,2,1,5,2,4,6,5,7,2,3,2,4,1,3,3,1,2,1,2,2,4,2,1,2,3,5,3,4,4,2,2,2,2,2,1,2,3,3,1,5,4,1,2,4,""
2,24,1,2,1,5,3,7,2,1,4,4,5,4,"Russie",2036,7,6,6,6,4,7,5,4,5,6,4,2,3,2,4,2,1,4,7,7,7,7,7,2,2,1,6,1,7,7,6,7,1,1,4,5,4,4,5,5,4,3,3,2,3,3,1,4,3,5,1,6,1,3,2,2,3,2,1,1,3,1,3,3,2,1,1,3,""
2,51,1,2,2,5,4,4,2,1,5,4,1,3,"je ne sais pas",2028,5,6,3,3,4,4,4,6,2,6,6,5,2,4,5,5,5,5,7,5,5,7,5,3,4,1,6,1,5,6,6,6,1,4,1,5,1,1,3,2,4,1,1,1,1,4,1,1,3,6,1,6,1,7,5,4,4,1,2,4,2,4,4,6,3,5,4,6,""
1,52,1,2,1,5,5,7,2,2,5,7,4,3,"Russie",2033,4,5,3,5,5,1,2,3,4,4,2,1,3,1,3,1,3,5,5,3,5,4,6,2,1,1,4,1,7,6,7,7,1,1,3,4,2,3,4,4,3,2,4,2,4,4,3,4,3,5,1,5,1,3,2,1,4,1,1,1,1,4,2,3,1,1,5,2,""
1,33,0,1,2,3,4,3,2,1,5,5,1,1,"je ne sais pas",2049,2,4,2,3,1,2,4,2,2,1,3,1,1,1,3,3,2,4,4,3,6,2,6,3,3,1,5,2,7,5,7,7,1,1,7,2,2,3,5,1,3,2,1,4,3,4,2,2,3,5,2,6,2,1,1,1,3,5,1,1,2,3,1,3,2,2,2,4,""
2,67,1,2,1,4,5,NA,1,2,3,4,1,2,"Guerre avec la Russie",2030,2,5,2,5,6,2,3,1,5,6,5,2,2,2,1,2,3,2,3,3,4,2,4,3,7,3,3,4,4,3,5,5,1,2,3,4,3,3,6,5,7,5,7,5,5,6,2,5,2,4,5,2,5,3,2,2,2,4,1,2,1,1,3,5,3,2,2,5,""
2,54,1,2,1,3,5,5,2,2,4,7,3,3,"3ème guerre mondiale",NA,1,4,2,5,4,2,3,4,3,5,5,1,4,2,5,6,6,6,3,3,3,2,4,6,5,3,2,4,2,3,5,4,2,3,3,4,1,2,3,2,4,2,3,3,2,2,1,2,3,2,5,1,6,4,2,2,2,3,1,3,2,3,3,3,4,1,5,3,""
1,40,1,1,1,5,3,2,2,2,4,3,1,1,"Une invasion russe des pays baltes",2028,5,4,3,5,4,3,5,5,4,6,5,3,1,2,3,1,4,3,7,6,6,5,5,3,6,2,7,4,5,7,5,6,1,2,2,5,2,1,1,1,2,1,2,1,1,3,1,2,3,4,3,4,3,4,1,1,3,4,1,2,3,1,1,5,1,4,3,4,""
2,25,1,2,1,5,7,6,2,2,3,6,3,1,"Conflit Russie-Ukraine qui s'étend",2033,5,6,5,4,3,5,3,3,4,7,3,4,5,3,3,2,3,4,6,4,6,6,6,4,4,2,5,3,7,7,4,7,1,3,1,6,3,1,3,1,4,1,3,2,4,4,1,2,3,5,3,4,3,4,3,3,3,1,1,2,2,1,3,4,3,3,3,3,""
1,24,1,1,1,6,4,6,2,2,6,7,2,2,"Russie",2030,6,6,6,5,6,4,7,7,6,6,6,4,5,4,4,5,5,6,7,6,6,7,5,4,3,1,5,2,6,4,6,6,2,2,2,7,1,1,3,3,1,1,3,3,1,2,1,1,7,5,6,6,2,5,4,4,7,1,1,2,3,5,4,4,5,5,6,6,""
2,25,1,1,1,4,4,4,2,2,6,7,4,2,"Chine - Taïwan",2026,6,7,4,4,6,7,5,5,6,6,5,3,3,2,3,4,4,5,7,6,7,7,6,2,4,3,4,1,6,6,6,7,2,3,6,4,3,1,3,1,1,1,1,1,1,1,1,2,3,5,3,3,1,2,4,4,3,2,1,3,4,3,5,5,3,6,4,6,""
2,41,1,2,2,5,6,5,2,2,2,4,1,1,"La Russie",2032,3,5,4,5,4,2,2,4,5,6,3,1,1,1,1,4,3,2,6,3,4,4,4,4,4,5,1,1,4,5,5,5,1,2,5,5,2,3,3,1,4,2,3,2,3,4,1,3,3,4,3,4,4,2,1,2,3,1,1,1,1,3,1,5,3,1,3,5,""
2,55,1,2,4,5,8,4,1,3,4,5,1,1,"poutine",2039,4,5,4,4,3,4,3,3,6,4,4,4,4,3,4,3,4,4,3,4,6,4,6,2,5,3,5,1,6,6,4,7,4,4,5,3,3,2,3,2,4,3,3,4,4,4,2,3,3,5,4,6,1,4,4,4,4,3,2,3,1,1,3,2,6,1,5,5,""
2,19,0,2,1,5,1,5,2,2,5,6,2,5,"russie",2035,4,6,4,3,5,4,5,3,3,4,7,3,3,2,2,1,5,4,5,6,5,5,7,3,3,1,5,1,6,7,6,7,2,2,5,1,1,2,2,1,2,1,2,1,3,3,1,2,3,6,1,5,2,3,3,4,3,3,1,2,1,3,2,4,2,3,3,6,""
2,22,1,2,1,3,5,7,2,1,3,5,3,1,"Russie",2032,4,4,4,5,5,2,2,1,4,6,5,2,3,4,2,4,4,6,4,3,7,3,6,7,6,4,3,1,3,3,3,7,1,1,2,2,1,1,3,1,3,1,3,2,2,3,2,2,3,4,3,3,7,1,2,2,4,4,1,1,2,1,1,4,2,3,3,4,""
1,25,1,2,1,2,6,5,2,2,5,5,5,3,"La Russie",2033,3,4,4,2,2,1,2,3,3,6,6,3,2,1,5,5,5,6,5,3,2,5,5,4,5,1,4,3,6,5,4,6,5,3,3,4,3,3,4,2,5,1,4,4,4,5,1,3,7,3,4,3,3,3,3,3,4,3,1,1,2,4,4,5,4,4,4,5,""
1,34,0,2,1,5,5,6,2,2,6,5,2,1,"je ne sais pas",2030,5,5,3,5,7,4,3,6,3,6,3,2,3,2,5,5,6,6,3,4,5,5,7,3,4,1,4,3,7,5,6,7,4,2,2,1,1,2,1,1,3,1,2,2,1,2,1,2,3,7,1,7,3,4,3,3,5,1,1,3,2,6,3,4,3,3,3,4,""
2,23,1,2,1,5,10,3,2,2,5,7,4,4,"Serbie / Kosovo",2037,4,5,4,3,5,4,3,3,2,3,5,4,1,3,7,4,7,6,6,4,6,6,7,4,3,2,5,2,6,4,7,7,1,4,6,6,3,1,3,1,1,1,3,1,1,2,1,3,3,4,3,4,1,3,3,3,4,3,1,3,3,2,2,3,2,1,3,3,""
2,21,1,2,1,5,8,7,2,2,4,5,4,1,"Russie",2028,4,6,5,3,6,4,5,5,6,5,4,3,4,2,3,5,6,7,6,5,6,5,5,4,5,1,5,3,3,4,5,7,1,2,3,4,1,2,3,2,3,1,2,3,4,1,1,2,3,5,5,5,5,2,3,3,3,2,1,4,1,3,2,7,1,1,2,4,""
2,24,1,2,1,5,4,5,2,1,4,6,2,2,"Russie",2039,2,3,2,5,4,2,3,1,4,5,4,2,3,2,4,3,4,3,4,2,3,4,5,5,6,3,1,4,4,3,2,5,2,4,5,2,2,2,2,1,4,1,3,1,3,3,1,3,3,1,5,3,5,2,2,3,2,6,2,3,1,2,3,7,4,4,3,5,""
1,21,1,2,1,3,4,4,2,3,3,5,2,2,"Russie",2032,3,1,2,4,4,2,3,2,2,3,1,3,3,2,4,2,3,5,2,1,3,2,7,3,3,2,3,3,5,5,6,7,1,2,3,5,4,4,4,4,6,5,4,3,4,2,4,4,3,4,3,5,4,2,2,1,2,2,1,1,2,2,2,4,3,2,2,4,""
1,58,0,2,4,5,7,5,2,2,7,6,3,2,"Russie",2035,3,5,3,7,4,3,5,2,5,5,7,7,7,5,4,2,5,5,6,5,5,5,6,5,3,2,3,1,4,3,5,7,5,5,2,6,1,1,3,1,3,1,2,1,2,2,1,1,3,1,5,2,4,7,5,6,4,2,4,2,4,3,4,6,7,7,3,5,""
2,24,1,2,1,2,7,2,2,2,5,5,2,2,"Russie / OTAN",2041,4,6,5,6,5,3,6,5,7,7,5,4,6,2,5,4,5,6,6,5,6,7,4,3,4,2,3,7,3,4,6,6,1,2,5,5,2,1,2,1,5,1,3,2,4,2,1,1,3,4,4,4,6,3,3,3,3,3,1,5,1,3,2,7,2,6,3,2,""
2,23,1,2,2,5,6,4,2,1,7,6,5,4,"Troisième guerre mondiale",2034,2,5,1,4,4,2,2,1,3,5,4,3,4,2,3,1,3,2,5,3,5,4,5,6,5,1,4,3,4,3,4,6,2,3,5,5,4,3,4,3,5,4,5,3,3,3,1,4,3,3,4,4,4,5,2,4,1,2,1,1,1,1,3,5,4,4,2,4,"Merci, ça fait réfléchir."
1,35,0,2,1,4,4,4,2,2,5,5,4,4,"Corée du Nord",2036,5,4,3,3,3,3,6,4,5,6,3,2,2,3,3,2,5,4,4,7,4,4,5,3,3,1,3,3,7,5,3,7,2,1,4,6,3,2,3,1,3,2,3,3,2,2,1,3,3,3,5,3,1,2,2,2,1,5,1,2,2,4,1,7,4,3,1,4,""
2,18,1,2,1,3,6,8,1,2,2,4,2,2,"Iran",2027,5,6,5,5,5,2,5,3,5,6,5,6,1,2,6,4,6,6,6,5,6,5,6,5,5,3,3,3,5,6,7,5,3,3,1,4,2,2,4,2,4,2,2,2,2,2,1,2,3,4,4,4,3,6,4,5,5,3,2,2,1,3,4,6,5,4,5,5,"Je n'avais jamais vraiment pensé à tout ça."
1,21,1,2,5,3,5,7,2,2,5,6,4,4,"cyberguerre",2029,6,6,5,2,6,4,6,3,6,6,5,5,4,4,5,3,7,7,6,6,7,7,5,5,6,2,3,1,6,5,4,6,3,6,5,5,1,1,2,1,1,1,2,1,2,1,1,1,3,5,3,4,2,5,4,4,5,3,3,2,5,3,4,7,4,6,4,6,""
2,26,1,1,5,5,9,5,2,2,6,5,3,1,"russie",2028,4,4,5,6,3,3,4,4,4,6,4,3,3,2,2,3,4,2,5,6,5,4,3,3,4,2,3,4,6,5,5,7,3,4,6,6,2,2,5,1,5,4,5,3,6,5,3,4,3,2,4,2,5,4,3,2,2,5,2,1,1,1,4,2,3,5,2,5,""
2,21,1,1,1,5,3,4,2,1,3,4,2,1,"La Russie",2040,3,6,3,2,4,4,5,3,4,3,3,4,4,1,4,2,4,6,4,2,5,4,5,5,4,1,5,4,5,4,5,7,2,1,4,4,2,3,2,1,4,1,2,1,3,3,1,2,3,3,4,3,4,4,3,2,3,4,1,1,1,1,2,3,3,3,2,3,""
1,23,0,1,4,4,5,6,2,2,6,4,1,1,"Chine - Taïwan",2032,4,3,4,2,4,1,5,3,1,6,4,1,1,1,4,3,2,3,5,3,3,3,6,4,5,3,1,2,5,2,6,7,1,1,4,5,7,2,5,3,4,2,6,4,2,4,3,5,3,4,4,3,3,1,1,1,1,4,1,3,1,1,1,4,1,1,2,2,""
2,24,1,2,1,4,3,4,2,2,4,4,1,5,"Chine",2030,4,4,4,2,4,2,4,4,3,6,2,1,3,1,4,4,5,3,6,4,4,3,7,1,3,1,7,1,7,7,7,7,1,1,5,4,3,2,2,1,3,2,5,2,3,3,1,1,3,7,2,7,2,2,2,1,1,1,1,1,1,3,1,3,1,4,2,1,"Un peu long."
2,18,1,2,4,5,3,5,2,2,7,7,5,4,"Russie",2040,3,4,5,4,2,2,4,2,4,5,6,6,5,5,3,3,3,5,3,4,3,3,7,5,5,3,2,1,4,4,3,6,3,5,3,4,3,1,4,3,3,2,4,1,4,3,4,4,3,2,5,1,4,5,4,4,2,3,3,3,1,1,2,5,5,4,7,5,"Questionnaire intéressant mais un peu angoissant."
2,26,1,2,1,3,5,3,2,2,2,2,1,1,"russie",2036,4,6,5,5,4,2,5,4,3,5,3,4,3,4,4,5,5,4,5,5,5,4,7,5,5,3,3,3,4,5,3,7,1,2,1,3,1,2,2,1,2,1,3,3,1,2,1,1,3,1,4,4,4,5,4,4,3,5,1,3,2,1,3,4,6,3,3,4,""
2,23,1,2,1,4,5,8,2,1,5,4,2,3,"aucune idée",2031,5,6,5,5,5,4,5,4,3,3,4,3,2,2,4,4,6,6,6,5,6,7,7,3,3,1,5,1,7,7,7,7,1,2,1,5,1,4,3,1,2,3,3,1,1,3,2,2,4,7,2,7,1,2,3,2,4,1,1,1,2,4,2,7,2,2,3,1,""
1,32,0,2,4,5,4,7,2,3,7,7,3,4,"Chine",2034,4,5,3,3,4,2,4,4,2,6,4,4,3,3,5,5,7,6,6,4,5,6,6,3,3,2,4,3,4,4,4,5,3,4,5,4,1,3,3,2,3,2,4,1,3,3,1,2,3,4,4,2,4,5,5,5,4,3,2,4,5,2,3,6,3,3,5,7,""
2,25,1,2,5,5,8,5,2,2,4,6,3,3,"3ème guerre mondiale",2047,4,5,3,2,5,6,4,2,2,5,5,3,2,2,4,4,4,5,4,2,2,2,5,4,6,1,4,2,5,4,5,4,2,2,3,3,3,3,5,3,4,3,4,3,5,3,1,2,3,5,3,5,3,3,3,2,1,3,2,1,2,3,2,3,4,3,4,4,""
2,25,1,2,1,4,5,4,2,2,7,6,3,4,"La Russie",2030,6,3,4,4,6,3,3,3,5,5,5,3,5,3,4,4,6,6,6,5,4,3,6,2,4,2,5,1,5,7,5,7,1,3,3,3,1,2,3,2,4,1,2,1,2,3,1,2,3,5,2,5,3,4,3,4,4,1,3,1,2,4,3,6,2,3,3,5,""
2,23,1,2,1,5,8,3,1,1,5,7,3,2,"La Russie",2039,3,2,4,4,5,4,4,3,6,7,7,5,5,6,4,4,4,5,5,5,5,4,3,5,4,2,2,5,2,4,1,4,3,3,5,5,3,3,1,1,4,1,3,2,4,2,2,3,3,2,7,4,6,6,5,5,4,1,1,4,1,2,6,6,6,6,3,6,""
2,30,1,2,1,5,3,2,2,2,6,6,4,4,"je ne sais pas",2042,5,5,4,4,2,4,5,3,5,6,4,4,5,2,3,3,6,7,6,6,6,6,7,4,6,5,6,1,6,6,3,7,2,3,3,5,2,1,4,2,3,4,3,1,2,3,2,2,3,3,5,5,4,4,7,4,4,3,1,1,2,2,4,4,4,3,4,5,""
2,18,1,2,1,5,5,NA,2,2,6,6,4,5,"cyberguerre",2037,5,4,6,5,4,4,5,4,4,6,4,5,5,5,3,4,5,4,5,5,6,5,4,5,5,6,2,5,2,2,3,5,4,4,4,3,1,3,2,1,4,1,2,2,3,2,2,4,3,2,7,2,6,7,5,5,4,4,2,3,2,1,5,6,5,4,3,7,""
2,19,1,2,1,4,2,5,2,1,4,5,1,1,"Guerre avec la Russie",2033,5,6,3,4,4,1,4,4,5,3,4,3,3,3,1,2,2,5,4,5,4,4,5,4,3,3,3,4,4,5,7,7,2,2,2,4,2,1,2,1,3,1,1,1,1,1,1,2,3,3,5,3,4,2,2,2,4,2,2,2,1,2,2,5,4,2,2,3,""
1,22,1,2,1,3,8,5,2,3,4,4,4,3,"Russie",2030,4,5,3,4,2,5,4,6,5,3,3,1,4,1,1,4,3,5,6,4,6,5,7,2,2,1,6,1,6,4,7,7,1,2,2,3,5,4,4,1,6,5,5,3,4,5,4,5,3,4,2,3,3,1,1,1,1,1,1,1,1,2,1,4,2,3,1,3,"Je n'avais jamais vraiment pensé à tout ça."
2,31,1,1,1,5,3,5,2,2,3,5,3,1,"Guerre avec la Russie",2040,1,7,3,3,3,3,3,2,4,7,4,2,2,1,2,3,4,4,4,4,5,4,3,3,4,2,3,2,5,6,4,7,1,3,4,7,1,1,1,1,3,1,1,2,2,1,1,1,3,4,4,4,4,3,3,3,4,1,1,1,3,1,4,5,3,5,3,4,""
1,35,1,2,5,5,8,7,2,2,6,4,2,4,"Les USA (Trump, Groenland)",2039,3,5,3,6,2,1,3,1,1,7,6,3,4,2,2,2,3,2,4,3,3,2,5,2,4,3,4,2,6,5,5,7,3,2,1,3,3,3,7,2,4,1,4,2,1,3,2,3,3,5,3,6,3,3,2,1,2,3,1,1,1,1,2,4,2,3,4,4,""
1,37,1,2,1,4,3,5,2,2,6,4,2,3,"La Russie",2034,3,6,3,4,5,4,3,2,4,5,4,3,4,2,1,2,2,2,6,4,5,5,6,4,5,1,4,4,7,7,6,7,1,2,6,3,3,4,4,2,5,2,2,2,2,4,1,4,3,7,4,6,1,2,3,2,3,1,1,1,2,2,3,4,4,3,3,4,""
1,25,1,2,1,5,5,5,2,2,2,6,5,1,"guerre civile",2033,3,5,5,4,6,6,4,3,3,5,4,3,4,4,5,5,4,6,4,3,6,3,7,2,2,2,4,1,7,7,4,7,2,5,4,5,1,2,2,1,1,1,1,1,1,2,1,1,3,4,3,4,1,4,4,3,4,1,1,3,2,2,3,5,6,3,3,4,"Certaines questions étaient difficiles à comprendre."
2,19,1,1,4,5,0,4,2,2,5,7,3,3,"Chine",2030,6,6,3,5,2,3,2,4,3,4,3,2,4,1,1,1,2,2,6,4,4,5,7,3,3,1,3,1,7,7,5,7,1,1,3,4,2,4,3,1,5,1,2,2,3,4,1,3,3,7,2,6,2,2,2,3,4,1,1,1,1,1,1,5,1,1,2,6,""
2,19,1,2,1,5,5,5,2,2,2,4,1,1,"Russie",2028,5,5,3,3,5,4,4,3,5,4,4,3,2,1,5,4,5,5,5,7,4,6,6,3,5,1,4,4,5,5,5,6,1,3,2,2,2,2,5,4,5,1,1,4,3,2,2,3,3,3,4,3,3,3,3,2,4,3,1,1,1,5,3,5,3,3,4,4,""
2,49,1,2,1,5,5,3,2,2,5,3,1,1,"je ne sais pas",2033,7,5,4,3,4,6,5,5,4,3,4,3,2,4,4,4,5,3,7,7,7,3,7,2,2,1,4,3,5,5,6,7,1,3,1,7,1,1,1,1,3,1,1,1,1,1,1,3,3,4,4,5,3,4,3,3,4,1,1,1,1,3,3,6,3,3,2,5,""
2,23,0,2,1,2,1,4,2,2,3,2,1,1,"aucune idée",2036,2,3,2,1,2,2,2,2,1,4,2,1,1,1,1,2,4,3,3,2,4,1,7,3,4,2,4,1,4,4,5,7,1,1,6,6,3,5,4,1,5,1,4,3,3,3,3,5,3,7,2,4,4,1,1,1,1,1,1,1,1,1,1,2,2,1,2,1,""
2,24,1,2,4,2,4,6,1,1,7,7,3,3,"La Russie",2036,3,4,2,2,3,1,2,3,2,5,3,2,2,2,3,2,2,3,4,4,5,6,7,4,3,2,5,1,7,5,4,7,1,1,3,4,4,7,5,4,5,6,7,3,4,6,7,5,3,3,3,5,2,2,1,2,1,3,1,1,1,1,2,4,1,3,3,2,""
2,57,0,1,2,5,4,4,2,1,3,4,1,1,"Russie",2043,3,4,3,3,4,2,4,4,3,5,2,3,3,1,1,1,2,3,4,2,2,3,7,4,5,2,2,3,5,7,2,7,1,1,3,7,5,3,5,3,5,1,4,3,6,2,3,4,3,4,4,2,2,1,1,1,3,1,1,2,1,1,1,4,1,2,1,3,""
1,33,1,2,1,4,1,5,2,2,7,7,3,3,"Etats-Unis",2032,3,5,4,3,5,5,4,6,3,5,5,2,1,2,3,4,6,5,6,3,5,3,5,1,4,1,5,3,5,5,7,7,2,2,7,3,1,1,4,1,4,1,2,1,1,2,1,3,3,4,4,4,3,2,3,4,5,1,2,2,1,4,3,6,3,4,3,6,""
1,47,1,1,1,3,7,4,1,2,5,6,3,4,"Une invasion russe des pays baltes",2027,6,6,6,4,3,7,4,5,4,4,4,4,3,2,6,5,6,7,7,5,7,7,6,3,4,1,3,1,5,6,6,7,3,4,6,5,1,1,1,1,2,1,1,1,2,2,1,1,3,6,2,5,3,3,3,3,6,3,3,2,1,4,2,5,5,3,4,5,""
2,21,1,1,1,2,NA,5,2,2,7,6,3,3,"Russie",2048,5,3,6,1,6,5,4,6,4,4,1,2,3,2,2,4,3,3,6,5,2,5,6,3,2,4,4,3,6,5,7,7,1,2,3,4,3,2,4,3,5,2,4,4,2,4,2,4,3,2,2,4,3,3,3,3,2,2,1,1,1,1,2,1,1,3,3,3,""
1,23,1,1,2,5,5,3,2,2,5,4,4,2,"Russie",2040,7,4,4,5,4,4,3,6,3,7,6,4,4,3,5,5,4,5,4,5,6,4,6,5,5,1,4,3,5,3,6,6,2,2,4,3,2,2,4,2,4,3,3,3,3,5,2,3,3,5,3,3,3,4,4,2,4,3,1,1,2,2,2,3,1,4,1,5,""
2,26,1,2,1,5,6,6,2,2,4,5,3,1,"La Russie",2050,7,6,4,1,3,5,3,6,4,4,3,2,2,1,4,6,4,7,4,4,5,4,6,3,4,2,3,1,5,6,5,7,1,1,3,3,2,2,4,2,3,1,3,1,1,4,1,3,4,3,1,3,2,4,3,3,2,2,2,1,1,1,2,5,3,4,2,3,""
2,72,1,2,1,3,4,5,2,2,6,4,3,3,"Guerre avec la Russie",2033,3,3,2,1,3,2,3,3,1,3,4,2,1,1,1,3,5,3,4,2,2,3,4,2,1,1,4,1,7,7,7,7,1,1,3,4,2,3,3,1,3,1,2,2,2,3,1,1,5,4,3,5,3,1,1,1,1,1,1,1,1,2,1,4,1,1,1,2,""
2,31,1,2,2,5,6,NA,2,2,4,6,2,2,"Troisième guerre mondiale",2038,3,4,4,3,6,5,5,4,6,6,4,2,2,2,4,3,4,5,6,4,5,5,7,4,4,2,4,1,7,7,4,7,2,1,4,3,1,2,3,3,6,1,2,4,3,3,1,2,3,4,2,3,3,3,2,3,3,2,2,1,3,2,1,5,3,3,2,4,""
1,56,1,1,1,5,5,3,2,2,4,4,1,3,"La Russie",2048,3,4,3,1,4,5,2,3,2,2,2,1,2,1,3,3,4,4,5,5,4,4,7,2,3,1,7,1,5,5,6,7,1,1,6,2,1,1,3,1,4,2,5,3,2,4,1,3,3,6,1,6,2,2,1,2,3,1,1,1,2,3,1,3,2,2,2,4,""
2,19,1,1,1,5,8,5,2,2,5,7,2,3,"Guerre avec la Russie",2053,5,6,4,4,5,2,6,3,7,4,2,1,2,1,5,2,5,6,5,6,6,6,7,4,5,4,2,2,7,6,6,7,1,1,4,2,3,3,4,2,5,2,3,2,4,3,2,3,3,4,4,5,3,3,2,3,5,1,1,2,1,5,2,3,3,2,2,5,""
1,25,1,2,1,2,4,4,2,2,7,5,2,4,"russie",2053,7,5,3,4,5,4,3,4,3,5,4,3,1,1,3,4,3,4,4,3,4,5,7,2,1,1,5,1,4,7,7,7,1,2,6,1,3,3,5,2,3,1,5,3,3,4,1,4,3,5,1,5,1,2,1,1,1,1,1,1,1,3,1,6,2,1,2,4,""
2,25,1,2,4,4,3,6,2,2,3,4,5,2,"Guerre avec la Russie",2029,3,3,5,4,4,2,5,4,5,6,3,3,1,1,4,3,4,4,6,4,4,4,6,4,7,1,5,2,5,4,4,7,1,1,4,2,3,2,4,1,6,1,4,1,2,4,1,4,3,3,3,4,4,4,3,3,3,1,1,1,2,4,1,5,1,4,1,4,""
2,21,1,1,1,4,6,8,1,1,5,6,5,2,"La Russie qui attaque un pays de l'OTAN",2029,4,4,3,5,4,3,4,5,5,2,3,4,3,1,4,4,6,7,6,3,4,3,7,3,4,1,7,3,5,5,5,7,1,2,4,6,4,4,4,1,3,3,3,3,3,2,3,4,3,6,3,5,3,4,2,3,3,2,1,1,3,3,2,3,4,4,1,5,""
1,21,1,2,1,6,5,5,2,2,5,5,4,3,"russie",2027,3,6,4,6,5,3,7,3,6,7,7,5,7,7,5,5,5,7,7,5,5,7,7,4,5,3,3,2,6,5,4,7,4,5,3,5,1,1,3,1,1,1,2,1,1,2,1,2,3,4,3,3,2,6,5,5,5,4,2,3,3,4,5,6,5,5,6,7,"Un peu long."
1,26,0,2,1,5,4,3,2,2,5,7,5,3,"Guerre avec la Russie",2027,6,6,4,6,6,4,4,7,6,6,4,2,4,2,4,4,5,5,6,6,5,5,7,2,4,1,6,3,7,3,7,7,1,3,4,4,1,1,1,1,4,2,1,1,3,3,1,3,3,4,5,6,2,2,3,1,2,2,1,2,4,2,2,5,3,1,3,4,""
1,22,0,2,1,5,6,6,1,1,4,4,2,4,"La Russie",2032,4,7,4,2,3,3,6,4,4,4,4,2,2,2,3,3,4,6,4,5,5,3,7,4,3,2,4,3,6,6,5,7,1,1,5,6,1,1,3,2,5,2,4,3,3,2,3,4,3,5,4,5,2,4,3,3,2,3,1,3,3,1,1,7,3,1,1,3,""
2,21,1,2,1,6,6,5,2,1,3,1,1,1,"Chine",2057,1,5,3,3,4,3,3,2,3,4,2,1,2,1,1,2,3,3,4,3,3,3,7,3,3,3,4,4,7,7,6,7,1,1,1,3,3,4,4,1,3,4,4,3,4,4,3,4,3,4,1,5,1,1,1,1,3,4,1,1,1,1,1,5,1,1,2,3,""
2,26,1,1,1,3,5,4,2,3,3,1,1,1,"La Russie",2051,5,6,6,4,5,5,4,6,4,5,3,1,2,1,3,1,5,3,7,6,6,6,7,1,2,1,7,1,6,6,7,7,1,1,5,4,3,3,5,2,3,2,4,3,3,4,1,2,3,7,1,6,1,1,1,1,3,1,1,1,1,3,1,6,1,2,1,2,""
1,38,0,2,1,1,6,NA,2,1,6,6,2,3,"La Russie",2032,5,5,5,2,7,2,6,1,6,7,3,5,3,3,5,5,5,7,6,4,7,5,7,4,6,4,3,1,6,7,5,6,2,5,4,1,1,1,1,1,3,3,1,2,2,3,2,2,3,6,2,5,3,5,4,5,4,4,3,5,3,3,3,6,4,4,6,7,""
2,28,1,2,1,5,7,4,2,1,4,6,3,1,"Etats-Unis",2041,6,5,5,2,3,6,5,5,5,3,2,2,2,1,4,3,5,5,7,4,6,5,7,3,4,2,4,2,7,7,7,7,1,1,2,5,3,3,1,1,3,1,1,4,2,2,2,1,3,4,2,6,3,2,2,1,4,1,1,1,1,5,1,4,3,3,3,6,""
2,71,1,2,1,5,7,3,2,1,5,4,2,5,"Russie",2037,7,5,6,7,6,4,5,4,7,6,6,5,5,4,6,4,5,5,7,6,7,6,3,5,5,4,3,1,7,4,3,7,3,3,5,3,1,2,1,1,2,1,2,1,1,1,1,1,3,1,3,3,5,5,5,6,7,5,5,5,4,5,6,7,5,7,5,6,""
1,22,1,2,1,3,7,6,2,3,5,5,3,1,"La Russie",2037,3,4,1,3,4,3,3,4,5,5,5,5,3,5,3,3,5,4,3,3,3,4,5,5,5,3,2,2,5,6,5,7,4,5,5,1,4,5,6,2,4,3,5,2,4,5,2,3,3,3,3,3,3,4,3,3,2,4,1,3,3,2,4,5,4,5,6,4,""
2,44,1,2,5,3,8,5,2,2,5,5,2,1,"cyberguerre",2029,6,3,3,2,5,5,3,2,2,5,3,3,3,2,4,3,4,3,5,3,6,5,7,4,4,2,4,1,6,4,5,6,2,1,2,3,1,3,5,3,5,4,6,3,2,5,2,3,3,6,2,4,2,1,1,3,2,3,1,1,1,1,1,4,1,2,2,5,""
2,55,1,1,1,5,5,2,2,2,6,7,3,4,"La Russie qui attaque un pays de l'OTAN",2027,5,6,4,5,7,5,3,5,6,5,5,7,4,1,5,6,6,5,6,5,5,6,7,4,3,1,4,1,5,6,5,7,4,7,1,3,3,1,2,3,3,4,3,2,2,2,3,2,3,4,4,5,1,6,4,5,4,3,1,2,2,5,3,5,5,5,6,5,""
2,33,1,2,2,5,4,3,2,2,4,4,4,3,"La Russie qui attaque un pays de l'OTAN",2030,6,6,5,5,5,6,6,5,7,5,6,5,2,3,3,4,7,5,6,5,7,7,6,5,4,2,2,2,5,3,5,6,1,3,3,3,3,3,4,1,3,1,3,2,1,2,3,1,3,5,3,3,3,4,5,4,5,2,1,1,2,6,4,3,5,4,5,5,""
2,35,1,1,1,3,3,3,2,2,7,6,4,2,"Russie / OTAN",2028,7,7,7,4,6,3,7,4,5,6,5,5,4,4,3,6,5,7,7,7,6,7,6,1,4,1,5,1,7,5,5,7,4,2,7,7,2,1,2,1,3,1,1,1,2,1,1,1,3,4,3,5,4,5,4,4,5,2,1,2,2,4,4,4,4,4,3,5,""
2,24,1,1,1,5,5,3,1,2,4,5,2,3,"La Russie",2031,3,5,1,3,5,4,2,2,4,5,6,3,4,2,4,3,4,6,4,3,3,3,7,3,3,2,4,3,5,5,5,7,1,3,3,5,2,2,3,1,3,1,1,3,2,2,1,1,3,5,3,3,2,4,3,4,4,1,1,3,1,2,3,4,3,3,1,3,""
2,19,1,2,1,4,3,6,2,2,2,3,2,2,"russie",2033,3,5,5,5,5,1,4,2,6,7,6,4,5,4,1,4,2,1,5,4,6,5,4,6,7,3,1,4,4,4,3,7,1,3,3,6,1,4,4,1,4,2,3,2,3,4,2,3,3,2,6,2,2,5,2,4,3,3,1,3,2,1,3,6,4,5,3,4,""
2,36,0,2,1,5,6,4,2,1,7,5,5,5,"Troisième guerre mondiale",2031,3,3,3,3,2,3,3,4,4,5,4,3,2,2,4,2,6,5,2,3,5,4,7,2,4,1,7,1,7,4,7,6,1,1,5,4,3,4,5,4,2,2,6,3,1,6,3,4,3,7,2,6,2,2,1,2,3,2,2,1,3,3,2,5,3,1,4,3,""
2,22,1,1,1,5,5,8,2,2,4,5,3,1,"?",2037,5,6,5,4,4,5,5,5,3,4,6,4,5,4,5,5,4,6,7,5,3,5,5,3,6,2,3,1,4,4,4,5,3,1,4,7,1,1,2,1,2,1,1,1,1,1,1,1,3,3,5,3,4,5,4,4,4,2,3,4,3,5,4,5,4,3,5,6,""
1,22,1,2,4,4,4,5,2,1,4,4,1,2,"La Russie qui attaque un pays de l'OTAN",2035,3,6,5,5,1,5,4,1,4,5,5,3,3,2,4,4,4,4,4,2,4,4,3,4,4,3,3,1,5,7,3,7,1,2,5,5,2,2,3,2,3,2,2,3,3,5,4,3,3,6,1,5,2,3,3,4,3,3,1,1,1,1,2,3,4,4,3,6,""
2,25,0,1,1,3,3,7,2,2,4,7,3,1,"Iran",2028,4,4,4,4,1,2,3,5,3,3,3,1,1,1,2,3,5,5,5,5,3,4,7,1,2,1,6,2,6,5,7,5,1,2,3,4,4,2,3,3,1,2,2,2,1,2,2,1,3,4,3,4,1,1,2,2,3,1,1,1,3,2,1,5,3,3,1,4,""
1,37,1,2,5,4,5,NA,2,3,5,5,5,3,"russie",2045,5,5,6,6,3,3,2,3,5,7,4,2,3,2,3,4,6,7,7,7,5,5,4,3,2,2,6,4,6,5,7,6,1,2,3,5,2,2,5,1,4,2,4,3,2,4,1,4,3,5,4,4,3,2,2,2,4,2,1,1,2,3,2,6,4,2,2,4,""
1,43,1,2,1,5,4,4,2,2,4,4,3,3,"Russie",2029,3,5,3,4,5,3,6,4,4,5,3,1,2,2,2,4,5,3,5,3,4,5,6,1,4,3,3,3,2,4,4,7,2,2,4,6,2,3,3,4,4,3,3,2,3,4,2,2,3,3,4,1,7,3,3,2,4,4,1,2,1,3,2,2,3,3,1,6,""
2,25,1,1,2,5,NA,5,2,2,3,3,2,1,"aucune idée",2038,6,6,6,7,6,5,5,5,7,6,6,3,3,2,6,6,5,4,7,5,7,7,6,3,3,1,4,1,7,6,7,7,2,2,5,2,1,1,1,1,2,1,1,1,1,2,1,1,3,6,3,3,1,3,4,3,5,2,2,3,4,6,2,6,1,3,3,6,""
2,52,1,2,1,4,2,7,3,1,4,6,3,3,"Russie",2033,4,7,4,2,2,2,5,3,2,7,5,2,1,2,3,4,4,4,6,4,5,6,7,1,2,1,7,1,7,7,6,7,2,3,4,5,2,1,2,1,3,1,2,1,2,1,3,3,3,6,1,7,2,3,4,2,4,2,1,1,3,5,2,5,2,3,3,4,""
1,19,1,2,1,5,7,5,2,1,5,4,1,4,"Chine",2031,2,2,2,2,3,3,3,2,5,3,2,1,1,1,1,2,1,4,4,2,4,5,4,3,4,3,4,2,4,4,2,4,1,1,1,3,4,4,5,4,6,3,5,4,4,4,4,6,3,3,5,3,4,2,1,2,2,3,1,1,1,2,1,5,1,1,2,2,""
2,64,1,1,1,5,4,4,1,2,6,6,4,2,"Terrorisme",2031,3,3,4,3,1,1,4,4,5,3,3,1,1,1,3,5,6,4,3,2,4,2,4,3,3,3,5,3,6,5,5,5,2,1,3,6,4,4,4,2,4,2,4,3,3,4,3,4,3,4,3,5,1,2,1,1,1,2,1,1,1,1,1,2,3,1,3,4,""
2,19,1,2,1,5,3,5,2,2,4,4,4,4,"Russie",2035,7,5,4,2,3,2,4,5,5,2,1,2,1,1,3,3,6,5,7,3,7,5,7,2,3,1,6,1,5,7,5,7,1,3,4,4,4,3,5,2,4,4,4,4,4,4,1,3,3,6,3,5,2,3,3,2,3,1,1,1,2,2,1,5,2,1,4,5,""
2,21,1,2,1,2,4,4,3,2,4,6,3,5,"La Russie",2049,1,4,3,1,3,5,2,5,2,7,3,1,2,1,1,3,4,4,3,3,3,5,7,2,2,1,5,2,6,3,7,6,2,2,6,6,3,3,3,2,3,3,5,4,5,4,2,4,3,4,2,4,3,3,2,3,4,3,1,1,1,2,2,3,1,4,1,4,""
2,18,1,2,1,4,4,5,2,2,4,6,3,2,"Corée du Nord",2057,4,5,4,4,4,3,5,4,4,5,3,4,1,3,4,4,5,7,5,4,3,5,6,2,3,3,4,2,6,7,7,7,2,3,2,6,1,2,3,1,5,1,4,4,3,5,3,2,3,6,3,5,1,4,3,3,5,1,3,1,2,3,2,3,3,2,1,5,""
1,22,1,2,1,2,4,6,2,2,5,3,2,1,"Russie",2032,5,5,5,4,4,2,4,3,6,5,5,4,3,3,4,2,5,4,5,1,3,6,7,3,5,2,3,2,4,3,3,6,1,1,1,5,2,3,5,1,4,1,4,1,1,2,1,2,3,5,5,4,3,1,3,3,2,2,1,1,2,2,1,4,2,2,1,5,""
1,21,1,2,1,5,4,6,2,2,5,3,2,3,"guerre civile",2032,4,5,3,3,3,3,3,3,6,6,5,3,2,1,2,7,4,3,4,4,5,4,7,4,4,3,2,2,6,7,5,7,1,3,5,3,3,1,3,2,2,2,4,1,3,3,1,4,3,5,4,5,3,2,3,2,4,1,1,1,3,1,1,3,2,2,3,4,""
2,24,1,2,1,4,4,4,2,2,4,5,4,4,"Russie / OTAN",2035,6,7,5,4,4,4,4,3,6,5,6,4,3,3,7,6,6,7,7,7,7,5,7,1,4,1,5,2,5,5,5,7,3,4,4,2,1,1,2,1,2,2,3,2,1,1,1,1,3,5,3,4,2,4,4,4,5,1,1,1,2,5,4,5,5,2,4,7,""
2,24,1,2,2,6,3,4,2,3,5,4,3,2,"russie",2034,5,6,7,5,7,5,7,3,7,6,5,5,6,6,3,3,6,4,7,7,7,7,2,5,6,5,1,5,3,6,1,4,2,4,5,1,3,5,4,1,5,3,3,4,3,2,3,4,3,2,6,2,5,5,4,3,3,3,2,4,4,2,3,6,3,5,4,7,""
2,35,1,2,2,2,6,5,2,2,4,5,3,3,"La Russie",2031,4,3,3,6,3,2,4,2,5,4,4,4,1,3,1,3,3,3,7,4,4,6,4,5,7,3,2,3,3,4,5,6,2,2,4,3,3,6,6,3,7,2,4,7,3,3,4,7,3,2,6,4,6,3,2,2,2,5,1,2,1,2,2,5,3,2,3,5,""
2,20,1,2,4,5,5,5,3,1,4,4,4,3,"La Russie",2043,4,6,4,4,7,3,4,7,2,3,3,1,2,1,1,2,2,2,6,5,4,4,4,2,3,2,5,3,5,4,6,6,1,2,5,6,2,2,4,3,5,2,3,2,3,2,2,4,3,3,5,5,2,1,1,1,1,2,1,1,2,1,1,4,2,3,1,2,""
2,44,1,2,1,4,2,4,2,1,4,5,3,1,"La Russie",2031,6,6,4,6,4,3,4,3,6,5,6,4,4,1,3,5,4,6,7,7,4,4,4,3,2,2,3,4,5,2,5,5,2,3,3,2,1,1,3,1,1,1,1,1,1,2,1,1,3,3,4,3,4,3,4,4,6,3,1,3,4,6,2,7,4,5,2,3,""
1,26,1,2,1,2,7,4,2,2,1,3,1,1,"Russie",2038,4,4,1,4,1,6,3,5,4,3,1,1,1,1,3,2,2,2,4,4,5,3,6,1,1,1,7,1,5,4,6,7,1,1,5,4,4,1,4,4,4,2,5,3,4,2,4,3,3,5,1,5,1,1,1,1,2,3,1,1,2,3,1,5,1,1,1,1,""
2,39,1,2,4,5,2,4,1,2,4,3,1,2,"La Russie",2027,4,4,4,4,3,3,5,6,5,7,7,5,4,3,4,3,4,5,5,4,5,5,7,5,4,5,3,1,3,7,4,5,3,2,1,5,4,2,6,2,4,4,2,3,3,4,2,5,3,6,3,4,3,4,3,2,3,2,2,4,2,1,4,6,3,4,4,6,""
1,18,1,2,1,5,4,4,2,1,3,5,1,2,"Russie",2035,6,6,4,4,5,4,5,1,6,7,4,3,4,3,4,5,5,5,5,5,6,4,3,3,4,4,3,1,4,5,7,6,3,3,5,4,3,4,5,3,6,3,4,4,3,5,4,5,3,4,3,3,4,3,2,3,4,3,1,1,3,3,3,5,5,4,3,3,""
2,25,1,2,1,4,4,2,2,2,3,5,1,1,"Iran",2035,2,5,3,3,2,2,2,2,4,3,2,2,1,1,1,1,2,2,4,4,4,3,7,3,3,2,6,1,6,7,6,7,1,1,4,3,1,3,1,1,4,1,2,3,1,2,2,4,3,4,2,7,1,1,1,1,1,2,1,1,1,3,1,3,2,1,2,3,""
3,22,1,2,4,3,3,NA,2,2,4,5,2,2,"Aucun",2040,7,5,4,5,7,4,6,4,6,4,5,5,3,4,2,4,6,5,6,4,5,5,7,3,6,3,3,2,7,6,5,7,3,3,5,6,2,3,4,1,4,3,3,3,1,4,1,1,3,6,4,3,3,5,3,3,4,2,1,2,6,5,2,6,3,3,3,3,""
1,22,1,2,1,5,6,2,2,2,4,5,3,1,"Russie",2035,2,3,4,5,3,3,3,1,5,7,3,2,3,1,2,3,5,2,5,4,3,4,5,4,5,1,4,2,4,3,4,6,1,3,2,5,3,3,5,1,5,2,4,4,2,3,3,5,3,5,3,4,3,3,2,2,2,1,1,2,3,1,3,7,3,4,5,4,""
1,19,1,2,2,3,2,6,2,2,7,7,5,5,"Russie",2029,5,4,4,4,5,2,2,2,5,6,4,4,1,2,5,6,5,4,4,4,3,5,6,4,4,3,2,4,5,5,4,7,2,4,3,4,2,1,1,1,3,1,2,1,2,3,1,2,3,5,5,5,6,5,3,4,3,2,1,2,1,1,3,7,2,4,5,6,""
2,37,1,2,1,3,8,2,2,2,5,7,4,3,"Guerre avec la Russie",2045,6,7,7,6,5,5,7,7,7,3,5,4,2,1,6,7,6,7,7,6,6,7,7,2,3,3,6,1,6,7,6,7,3,2,3,4,1,2,5,1,2,3,5,2,2,4,2,4,3,7,1,7,1,4,4,4,4,2,4,2,4,3,4,4,4,4,5,5,""
2,24,1,2,1,5,6,1,2,1,5,6,3,2,"poutine",2032,7,7,6,7,7,3,7,5,7,7,7,5,5,3,3,4,5,5,7,6,7,6,5,5,5,4,2,3,7,5,4,6,3,3,1,3,1,1,1,1,2,1,1,1,1,1,1,1,3,3,6,2,3,6,4,6,5,3,4,2,5,4,5,4,6,4,5,7,""
2,20,1,2,1,5,8,3,1,2,2,6,3,2,"Chine",2047,4,4,3,3,5,4,1,3,7,5,5,2,2,2,2,4,1,4,5,5,5,4,7,7,6,3,4,2,6,7,6,6,1,1,6,7,1,1,1,2,4,2,3,1,1,2,1,1,3,3,4,3,3,3,2,3,2,3,1,2,1,4,4,4,3,1,3,4,""
2,42,0,1,1,5,6,5,1,2,6,6,3,3,"3ème guerre mondiale",2078,4,4,3,4,3,5,5,3,4,6,5,4,4,1,5,4,4,5,4,2,3,4,7,2,2,2,5,1,7,6,5,7,1,4,4,4,2,2,2,1,3,2,4,1,2,5,1,3,3,4,1,4,1,2,2,2,3,2,1,1,4,5,1,5,3,2,4,2,""
